test_date,train_end,calib_start,calib_end,best_alpha,forecast,realized,calib_error,hist_mean_expand,SSE_forecast,SSE_hist,row_num,RMSE_forecast,RMSE_hist,RMSE_diff,Cum_RMSE_diff
1996-01-31,1990-12-31,1991-01-31,1995-12-31,0.012618568830660185,0.7813448157110939,2.811316442241085,0.43649094279451306,0.059427211652767535,4.120784804516816,7.57289433742796,1,2.0299716265299907,2.751889230588317,0.7219176040583264,0.7219176040583264
1996-02-29,1991-01-31,1991-02-28,1996-01-31,0.022051307399030412,-0.7287541262322558,-0.5879611724989352,0.4929140303244648,0.05675205304057041,0.019822655820952946,0.4156551431855534,2,0.09955565232811482,0.4558810936996364,0.3563254413715216,1.078243045429848
1996-03-31,1991-02-28,1991-03-31,1996-02-29,0.01830738280295366,-0.7307842891983579,-0.5667233187140935,0.4867816436519632,0.05418631076997509,0.026916002036238666,0.38552876798604335,3,0.09472064547260128,0.3584823417250578,0.2637616962524565,1.3420047416823044
1996-04-30,1991-03-31,1991-04-30,1996-03-31,0.01830738280295366,-0.728103314393259,-0.2538842109775751,0.4862149217211162,0.05292372666445234,0.22488375804437516,0.09413111060015418,4,0.23710955170784198,0.1534039688210137,-0.08370558288682828,1.2582991587954762
1996-05-31,1991-04-30,1991-05-31,1996-04-30,0.0013530477745798048,-0.8420687966947223,-0.1737152121629779,0.4807863387871489,0.051998669771279156,0.4466965139564316,0.05094675649783172,5,0.2988968096037265,0.1009423166940721,-0.1979544929096544,1.0603446658858218
1996-06-30,1991-05-31,1991-06-30,1996-05-31,0.01830738280295366,-0.7684815028419026,-1.34816673477772,0.48476131750233914,0.04630694048449461,0.33603496812448236,1.9445568309993084,6,0.23665550494494536,0.5692914940226592,0.33263598907771386,1.3929806549635357
1996-07-31,1991-06-30,1991-07-31,1996-06-30,0.0013530477745798048,0.8319909052998812,0.9992840263588326,0.4886262675429713,0.05016514730989679,0.027986988353644982,0.9008266465671085,7,0.06323085633911543,0.3587332169428395,0.29550236060372403,1.6884830155672597
1996-08-31,1991-07-31,1991-08-31,1996-07-31,0.0011233240329780265,0.9087055701263527,0.1393663421095425,0.4892989367602855,0.05052482954699213,0.5918828477655015,0.007892814354401792,8,0.272002492581755,0.0314102179919246,-0.2405922745898304,1.4478907409774293
1996-09-30,1991-08-31,1991-09-30,1996-08-31,0.003430469286314912,-0.6755809815674976,-2.0654366073246737,0.48604120058182027,0.04202699245112199,1.9316986604488717,4.4414028243799555,9,0.4632852085857254,0.702487866591932,0.23920265800620655,1.6870933989836359
1996-10-31,1991-09-30,1991-10-31,1996-09-30,0.007220809018385456,0.8196498674630572,0.12421211029560948,0.5141616870246491,0.04235573292249994,0.48363367409408997,0.006700466516648921,10,0.21991672835282222,0.02588525935092967,-0.19403146900189255,1.4930619299817434
1996-11-30,1991-10-31,1991-11-30,1996-10-31,0.007220809018385456,-0.7352687908544534,-1.281108404647154,0.5205968090482013,0.03708296743417462,0.29794088398536445,1.7376284934296555,11,0.16457683587844435,0.3974496530070485,0.23287281712860414,1.7259347471103474
1996-12-31,1991-11-30,1991-12-31,1996-11-30,0.003430469286314912,-0.7471441627217211,-0.6501175710526889,0.5232701776564264,0.03435598117033786,0.009414159490909122,0.4685040436928085,12,0.02800916440933384,0.19759049481457194,0.1695813304052381,1.8955160775155855
1997-01-31,1991-12-31,1992-01-31,1996-12-31,0.012618568830660185,-0.7362684399292068,-4.730158784609445,0.5117428228709985,0.015523906997295243,15.951160085330034,22.521504209415795,13,1.107705878948088,1.3162155601284662,0.20850968118037816,2.104025758695964
1997-02-28,1992-01-31,1992-02-29,1997-01-31,0.0001,0.7880803578966022,2.7547623036745112,0.7642861737200108,0.026308310133819717,3.867837875848782,7.444461194868148,14,0.5256178592753472,0.7292100028145991,0.20359214353925192,2.3076179022352155
1997-03-31,1992-02-29,1992-03-31,1997-02-28,0.0001,-0.7884550386559223,-1.291509967229961,0.8249737420900419,0.02114039532062842,0.25306426116263125,1.723050974304194,15,0.12988822403965425,0.3389248662367707,0.20903664219711646,2.516654544432332
1997-04-30,1992-03-31,1992-04-30,1997-03-31,0.0001,-0.794612578752928,-0.8325584754430781,0.8282946676065334,0.01780563410670769,0.0014398910756195473,0.7231191188104001,16,0.009486474172537535,0.21259102738744645,0.20310455321490892,2.719759097647241
1997-05-31,1992-04-30,1992-05-31,1997-04-30,0.0001,0.814719166741275,0.35484839406771895,0.8281390590253417,0.019117084534571546,0.21148112755937346,0.11271551220084203,17,0.11153504528632231,0.08142680300188848,-0.03010824228443383,2.689650855362807
1997-06-30,1992-05-31,1992-06-30,1997-05-31,0.0001,-0.797592497046728,-0.9930368433154956,0.8259692963312799,0.015194007294842604,0.03819849248842594,1.016529448122446,18,0.04606667419707243,0.23764229048935037,0.19157561629227793,2.881226471655085
1997-07-31,1992-06-30,1992-07-31,1997-06-30,0.0001,-0.7999212403411768,-1.3158920668971348,0.8258291882712121,0.010054678823058908,0.2662258938568384,1.758134772485972,19,0.11837182583013543,0.30419304574268136,0.1858212199125459,3.0670476915676312
1997-08-31,1992-07-31,1992-08-31,1997-07-31,0.002848035868435799,0.8020707852156395,0.0883345299321248,0.8147241281885812,0.010355755173478393,0.5094194421061344,0.006080689312859711,20,0.15959627848200822,0.017436584116247815,-0.1421596943657604,2.9248879972018704
1997-09-30,1992-08-31,1992-09-30,1997-08-31,0.01830738280295366,0.7760129384030005,0.8191043761823362,0.8014009176036947,0.013454408893818843,0.0018568720098903664,0.649071869791989,21,0.009403322639442189,0.17580723613039653,0.16640391349095435,3.091291910692825
1997-10-31,1992-09-30,1992-10-31,1997-09-30,0.012618568830660185,-0.7941483989732289,-2.3788666518057,0.7982059246612241,0.0043234124789351845,2.5113319408603996,5.679594882505004,22,0.3378630667256942,0.5080978289170576,0.17023476219136335,3.2615266728841883
1997-11-30,1992-10-31,1992-11-30,1997-10-31,0.008697490026177817,-0.8169159584336227,-1.2833052662691755,0.8419756093162227,-0.0005725140562287342,0.21751898646332601,1.6454033135998012,23,0.09724889324581495,0.2674682682195015,0.17021937497368653,3.431746047857875
1997-12-31,1992-11-30,1992-12-31,1997-11-30,0.0001,-0.8330524463995875,-0.4953805261400829,0.8451890415886275,-0.002446786829273636,0.11402232573174127,0.24298367135093685,24,0.06892699209179633,0.1006196781927987,0.03169268610100237,3.4634387339588772
1998-01-31,1992-12-31,1993-01-31,1997-12-31,0.0001,0.7853483957910046,0.9439334622382763,0.8420204732891625,0.0011244593936227786,0.025149223300085604,0.8888888158449298,25,0.03171701328945436,0.1885618005689307,0.15684478727947634,3.6202835212383535
1998-02-28,1993-01-31,1993-02-28,1998-01-31,0.0001,-0.8284406367177407,-0.1764228948217167,0.8418941061325518,0.00045698813717413405,0.4251271357471902,0.03128649299555091,26,0.12787119958217424,0.03468899902959201,-0.09318220055258224,3.5271013206857713
1998-03-31,1993-02-28,1993-03-31,1998-02-28,0.0001,0.9473138165570294,0.08642304558263642,0.8418112086870102,0.0007789583897788617,0.7411329195488846,0.007334909671097788,27,0.1656785061216434,0.0164822122650987,-0.1491962938565447,3.3779050268292266
1998-04-30,1993-03-31,1993-04-30,1998-03-31,0.005994842503189409,0.9013954774782095,0.48248852650651236,0.8495416825909838,0.002576382151408464,0.17548303357240386,0.23031566629951405,28,0.07916597248195985,0.09069487036595252,0.011528897883992667,3.3894339247132192
1998-05-31,1993-04-30,1993-05-31,1998-04-30,0.046415888336127725,-0.7387901338803832,-1.2010955652056206,0.7967575303206754,-0.001898234753264506,0.21372631183281376,1.4380742373640572,29,0.08584796341102778,0.22268535381936808,0.1368373904083403,3.5262713151215594
1998-06-30,1993-05-31,1993-06-30,1998-05-31,0.03853528593710527,0.7598676825522772,0.4573527985667155,0.7486405439325655,-0.00019730500022754297,0.09151525503279785,0.2093520972741203,30,0.05523140864665016,0.08353683763747989,0.02830542899082973,3.5545767441123894
1998-07-31,1993-06-30,1993-07-31,1998-06-30,0.03853528593710527,-0.7728906510087075,-1.0230217004003812,0.7414115554313939,-0.003971564761851726,0.06256554186977993,1.0384631789449055,31,0.04492486267226571,0.18302680739178404,0.1381019447195183,3.692678688831908
1998-08-31,1993-07-31,1993-08-31,1998-07-31,0.03853528593710527,-0.7750610712275723,-0.8841745458934784,0.7222893917040794,-0.007207605133659177,0.011905750353667343,0.7690710151856364,32,0.0192887194637722,0.15502731767192238,0.13573859820815018,3.828417287040058
1998-09-30,1993-08-31,1993-09-30,1998-08-31,0.046415888336127725,0.7545553172346293,2.0191600810403423,0.6811162493579606,0.00021498712338844742,1.599225208640103,4.076139292251337,33,0.22013943299370742,0.35145322945231955,0.13131379645861213,3.95973108349867
1998-10-31,1993-09-30,1993-10-31,1998-09-30,0.046415888336127725,-0.7584805636013378,-0.2809115051774538,0.704601984060184,-0.0008110219726000278,0.2280722055638751,0.07845628069159256,34,0.08190241782753625,0.04803683656736548,-0.03386558126017077,3.925865502238499
1998-11-30,1993-10-31,1993-11-30,1998-10-31,0.046415888336127725,-0.7489664431346916,-0.05277388247338054,0.7073865307272975,-0.0009999778289665024,0.4846840815201533,0.0026805372021288768,35,0.1176780209506496,0.008751387158827005,-0.10892663379182259,3.8169388684466767
1998-12-31,1993-11-30,1993-12-31,1998-11-30,0.046415888336127725,-0.7401922301930973,-0.39079021125086927,0.7044377968812838,-0.0024122612833936863,0.12208177084090509,0.150837432020939,36,0.058233669823704676,0.0647296583279126,0.00649598850420792,3.8234348569508847
1999-01-31,1993-12-31,1994-01-31,1998-12-31,0.05590810182512223,-0.7347099905439112,-0.33784041191754743,0.7019291244665874,-0.003623193235141534,0.15750546243906752,0.11170114926380312,37,0.06524495681847807,0.05494497229140067,-0.0102999845270774,3.813134872423807
1999-02-28,1994-01-31,1994-02-28,1999-01-31,0.05590810182512223,0.7622249666782388,0.21406419099166132,0.7040330451761888,-0.0028401450904408042,0.30048023600131035,0.04704749101121752,38,0.08892342004001774,0.035186529648663145,-0.0537368903913546,3.7593979820324526
1999-03-31,1994-02-28,1994-03-31,1999-02-28,0.046415888336127725,-0.7465595732757655,-1.0199864919826538,0.6993551807153386,-0.006485830921595689,0.0747622798735433,1.0271835899712018,39,0.043783347693147665,0.1622899897359426,0.11850664204279494,3.8779046240752475
1999-04-30,1994-03-31,1994-04-30,1999-03-31,0.046415888336127725,0.75959978377925,0.9712043335955693,0.7007337801961004,-0.0029940803340343857,0.04477648550296719,0.9490625497029554,40,0.033457617033706685,0.15403429404705268,0.120576677013346,3.9984813010885936
1999-05-31,1994-04-30,1994-05-31,1999-04-30,0.046415888336127725,-0.7339241240133855,-2.33246954846337,0.6996390752175005,-0.011284028619192164,2.5553474740299813,5.387902217534286,41,0.2496508524861726,0.3625082746754249,0.1128574221892523,4.1113387232778456
1999-06-30,1994-05-31,1994-06-30,1999-05-31,0.046415888336127725,-0.753321464303444,-0.7834508021277443,0.7434859044569496,-0.01402220866709483,0.0009077769977308111,0.5920203604348334,42,0.004649057758429098,0.11872540952759873,0.11407635176916964,4.225415075047016
1999-07-31,1994-06-30,1994-07-31,1999-06-30,0.046415888336127725,-0.7533691980527979,-0.9442140445306229,0.7344752760540648,-0.01730910561360906,0.03642175542714458,0.859152765788753,43,0.029103566243213728,0.14135167801907486,0.11224811177586114,4.337663186822876
1999-08-31,1994-07-31,1994-08-31,1999-07-31,0.046415888336127725,-0.7546286981543899,-0.044151487652345445,0.7344728331839703,-0.017403621043322923,0.5047778666427665,0.000715448368134062,44,0.10710846951516512,0.004032392612936524,-0.10307607690222859,4.234587109920648
1999-09-30,1994-08-31,1994-09-30,1999-08-31,0.05590810182512223,0.7583208808011792,6.190877806221386,0.7390106687424411,0.004379822561114653,29.512674747931054,38.272757301832605,45,0.8098377717917892,0.9222286689419834,0.11239089715019424,4.346978007070843
1999-10-31,1994-09-30,1994-10-31,1999-09-30,0.02656087782946684,0.8257309009743437,0.2080226131821265,1.2221043724579355,0.005091860290558751,0.3815635288071925,0.04118089046913854,46,0.09107611828517666,0.0299205071703188,-0.06115561111485786,4.285822395955984
1999-11-30,1994-10-31,1994-11-30,1999-10-31,0.02656087782946684,-0.7734631438079027,-0.33821556775778255,1.2265158718938283,0.0038956671614704536,0.18944045245750513,0.11704009705797631,47,0.06348738398002998,0.049902052372831046,-0.013585331607198936,4.2722370643487855
1999-12-31,1994-11-30,1994-12-31,1999-11-30,0.02656087782946684,-0.7681372790265295,-0.05956702314681923,1.2282512676591586,0.003675310597900003,0.5020718075174381,0.003999592777478452,48,0.10227330699297818,0.00912824460292345,-0.09314506239005473,4.179092001958731
2000-01-31,1994-12-31,1995-01-31,1999-12-31,0.03199267137797378,-0.7554521974342885,-0.3007212024576849,1.2345196412059602,0.002622035466219778,0.20678027779241187,0.09201711999415864,49,0.06496157071094337,0.04333474827484352,-0.021626822436099848,4.157465179522631
2000-02-29,1995-01-31,1995-02-28,2000-01-31,0.03853528593710527,0.8104997318735303,0.7048981606774933,1.2237067699637474,0.0050436772772931345,0.011151691839071665,0.48979629793536106,50,0.014934317419334346,0.09897437021121792,0.08404005279188358,4.241505232314514
2000-03-31,1995-02-28,1995-03-31,2000-02-29,0.03199267137797378,-0.7522073729919247,-0.7025875886008328,1.2212247853530092,0.0026119547141380635,0.002462123003018451,0.49730639589164355,51,0.006948159585660995,0.09874768757696016,0.09179952799129916,4.333304760305814
2000-04-30,1995-03-31,1995-04-30,2000-03-31,0.03853528593710527,-0.7454685217440192,-0.2114762389765807,1.2137656552943423,0.0018787759686219032,0.2851477580551801,0.045520362402267624,52,0.07405140600846406,0.029587017163935143,-0.04446438884452892,4.288840371461284
2000-05-31,1995-04-30,1995-05-31,2000-04-30,0.03853528593710527,-0.7418286538115457,-0.17086307770220402,1.215602688870262,0.0012892133281071389,0.3260016891018725,0.02963641130698495,53,0.0784281535296673,0.02364693578098238,-0.05478121774868491,4.234059153712599
2000-06-30,1995-05-31,1995-06-30,2000-05-31,0.03853528593710527,0.8091949308515999,1.49929166654482,1.2191579923163638,0.006384459767619767,0.47623350461443803,2.228771928047302,54,0.0939102708671498,0.2031589383293243,0.1092486674621745,4.343307821174775
2000-07-31,1995-06-30,1995-07-31,2000-06-30,0.03853528593710527,-0.7378449880465364,-1.044517296500024,1.2217929764609454,0.0028220809328141955,0.09404790477219103,1.096919771521405,55,0.041351685636125256,0.14122321284351141,0.09987152720738615,4.44317934838216
2000-08-31,1995-07-31,1995-08-31,2000-07-31,0.03199267137797378,0.8206601584915147,0.15761066293852732,1.2217388226286636,0.0033450153314821453,0.4396346335530711,0.02379789003162104,56,0.08860371581544897,0.020614614281941657,-0.06798910153350732,4.375190246848653
2000-09-30,1995-08-31,1995-09-30,2000-08-31,0.03853528593710527,-0.7395861375433957,-0.5349358603356891,1.224644799406137,0.0015326218107172592,0.041881735961191185,0.28779843233646907,57,0.027106591404393834,0.0710569863148486,0.04395039491045476,4.419140641759108
2000-10-31,1995-09-30,1995-10-31,2000-09-30,0.03199267137797378,-0.7444097526521364,-0.8937049459437287,1.217658855805872,-0.001471531101210412,0.02228905473997392,0.7960804665615413,58,0.01960341927422177,0.11715598698122011,0.09755256770699834,4.516693209466106
2000-11-30,1995-10-31,1995-11-30,2000-10-31,0.03199267137797378,0.8156528450927831,0.4628445674326546,1.2125250010691226,8.136554940452123e-05,0.12447368078550633,0.2141497810172377,59,0.04593172545359226,0.06024663729517947,0.01431491184158721,4.531008121307694
2000-12-31,1995-11-30,1995-12-31,2000-11-30,0.022051307399030412,0.82856163940943,0.35024841395406897,1.2114672935537358,0.001248589044086736,0.22878354164551098,0.12180087778719824,60,0.061749971881978886,0.04505568365685552,-0.016694288225123366,4.51431383308257
2001-01-31,1995-12-31,1996-01-31,2000-12-31,0.022051307399030412,-0.7520714840847545,-1.0102310100691991,1.2115011297591751,-0.0021118082951600606,0.06664634085651312,1.0163043249855257,61,0.03305394023200367,0.1290764371955896,0.09602249696358592,4.610336330046156
2001-02-28,1996-01-31,1996-02-29,2001-01-31,0.03199267137797378,0.8096375553992704,0.2527964194356903,1.1411050623627819,-0.0012677413159188345,0.3100720507012103,0.0645485977784195,62,0.07071889498630501,0.03226618068165118,-0.038452714304653836,4.571883615741502
2001-03-31,1996-02-29,1996-03-31,2001-02-28,0.03199267137797378,-0.7465443690359818,-1.3658701009409655,1.1461464519790434,-0.005771379466496546,0.3835643621996438,1.8498685321564847,63,0.0780277079601737,0.17135633216754045,0.09332862420736675,4.665212239948869
2001-04-30,1996-03-31,1996-04-30,2001-03-31,0.03199267137797378,0.8055766325900184,0.6136605680617666,1.1535520190560604,-0.003733774375943049,0.03683177582401212,0.38117577407409187,64,0.02398950806603148,0.0771742928047137,0.053184784738682225,4.718397024687551
2001-05-31,1996-04-30,1996-05-31,2001-04-30,0.03199267137797378,0.8041525750542838,0.15919638360515168,1.1515651583970832,-0.003199577136660771,0.41596848888856963,0.02637244806525629,65,0.07999697002805982,0.020142739888970224,-0.059854230139089595,4.658542794548461
2001-06-30,1996-05-31,1996-06-30,2001-05-31,0.022051307399030412,0.8064058787121787,0.502157065498259,1.153777763383347,-0.001548084840468223,0.09256734034207861,0.25371887847775976,66,0.03745044004719389,0.062001817969162876,0.024551377921968986,4.6830941724704305
2001-07-31,1996-06-30,1996-07-31,2001-06-30,0.03199267137797378,-0.7500591816255326,-0.3147721466632658,1.148259324237252,-0.002568358657480593,0.1894748028062417,0.09747120524516126,67,0.05317877519684375,0.03814176330660048,-0.015037011890243264,4.6680571605801875
2001-08-31,1996-07-31,1996-08-31,2001-07-31,0.03199267137797378,0.7974300027024452,0.6848204858196625,1.1499295350986034,-0.0003365766948924661,0.012680903292573735,0.4694402003135738,68,0.013655909781102602,0.08308749820251272,0.06943158842141012,4.7374887490015976
2001-09-30,1996-08-31,1996-09-30,2001-08-31,0.03199267137797378,0.7965668761751179,1.5736602556954986,1.1427278856390755,0.0047572641866298355,0.6038741204944065,2.4614565967654776,69,0.09355104942086444,0.18887372504161049,0.09532267562074605,4.832811424622343
2001-10-31,1996-09-30,1996-10-31,2001-09-30,0.03199267137797378,-0.7470197096630848,-1.178507391439074,1.1186378812940052,0.000940281426546919,0.1861816195244173,1.3910968130281287,70,0.05157264218340369,0.1409709601821863,0.08939831799878262,4.922209742621126
2001-11-30,1996-10-31,1996-11-30,2001-10-31,0.02656087782946684,-0.7520456599335754,-0.5778761657112976,1.1154478429379957,-0.0009208647057291084,0.030335012717644057,0.33287741935842613,71,0.02067011611598996,0.06847199688311223,0.04780188076712227,4.970011623388248
2001-12-31,1996-11-30,1996-12-31,2001-11-30,0.02656087782946684,0.8042152656585809,0.4889140617702764,1.1095003883145813,0.0006491190329760375,0.09941484917341417,0.2384026543062592,72,0.03715860323095039,0.0575425753375344,0.020383972106584013,4.9903955954948325
2002-01-31,1996-12-31,1997-01-31,2001-12-31,0.02656087782946684,0.8011780518340136,0.3605578631529973,1.1106947644106753,0.0017989872250527828,0.19414615067329438,0.1287079310570823,73,0.05157069236100165,0.0419895504054009,-0.009581141955600746,4.980814453539232
2002-02-28,1997-01-31,1997-02-28,2002-01-31,0.03853528593710527,0.7895243149589624,1.514441271960413,0.8463024902344778,0.006616319342044375,0.525504594548243,2.2735360877385857,74,0.0842698845367734,0.17528109038089654,0.09101120584412313,5.071825659383355
2002-03-31,1997-02-28,1997-03-31,2002-02-28,0.03199267137797378,0.8032898088066809,0.4794742486388054,0.7864501068095311,0.008117455625526156,0.10485651700683499,0.22217722631976333,75,0.037391000166142475,0.05442759426611509,0.017036594099972616,5.088862253483327
2002-04-30,1997-03-31,1997-04-30,2002-03-31,0.046415888336127725,0.7839083196790806,0.5686708806761993,0.7834492877716434,0.009891358869357401,0.04632715514851904,0.3122345539906829,76,0.02468942751263314,0.0640964070335791,0.03940697952094596,5.128269233004273
2002-05-31,1997-04-30,1997-05-31,2002-04-30,0.046415888336127725,0.7823699623683,1.508716484715148,0.7841049592100787,0.01461951384047977,0.52757927052536,2.232325758376859,77,0.08277486839610008,0.17026815208747606,0.08749328369137598,5.21576251669565
2002-06-30,1997-05-31,1997-06-30,2002-05-31,0.03853528593710527,-0.7414133062139538,-1.1367581251282655,0.7900700228812116,0.010998829441206984,0.15629752584238985,1.3173460267625898,78,0.04476398590247291,0.12995788404387557,0.08519389814140266,5.300956414837052
2002-07-31,1997-06-30,1997-07-31,2002-06-30,0.03853528593710527,-0.7437347702630017,-0.9394535168195023,0.7919558669039567,0.008019355001518241,0.0383058277536477,0.8977048428367721,79,0.02202007937351257,0.10659902645414637,0.0845789470806338,5.385535361917686
2002-08-31,1997-07-31,1997-08-31,2002-07-31,0.05590810182512223,0.7768745433833517,0.7527398361516309,0.7873072423297507,0.010346606505112342,0.0005824840931608783,0.5511477074249884,80,0.0026983422993591783,0.08300208637626139,0.0803037440769022,5.465839105994588
2002-09-30,1997-08-31,1997-09-30,2002-08-31,0.05590810182512223,0.7765427678537703,0.7100430962434764,0.780647209620526,0.012526346348534037,0.00442220632427693,0.4865296163840036,81,0.007388852401143768,0.07750186109943805,0.07011300869829427,5.535952114692882
2002-10-31,1997-09-30,1997-10-31,2002-09-30,0.05590810182512223,-0.7274745179171377,-0.4020236720737721,0.7805484158500737,0.01123892393107346,0.10591825306016212,0.1707859732566642,82,0.03594003356883249,0.04563721914646788,0.009697185577635388,5.545649300270518
2002-11-30,1997-10-31,1997-11-30,2002-10-31,0.06734150657750815,-0.7140953529056129,-0.11760209466782981,0.7382743246974746,0.010840035328600076,0.3558042071231266,0.0164973807580198,83,0.06547364107930953,0.014098355350557737,-0.051375285728751795,5.494274014541766
2002-12-31,1997-11-30,1997-12-31,2002-11-30,0.06734150657750815,0.7639044343609962,2.63161390926056,0.7398457194559718,0.018928843581476496,3.488338682629604,6.826123252422517,84,0.203783810593178,0.2850673114417874,0.08128350084860939,5.575557515390375
2003-01-31,1997-12-31,1998-01-31,2002-12-31,0.05590810182512223,0.7870883984584633,1.517137320091818,0.7971586669156131,0.02353871581689293,0.5329714279780239,2.230836790692004,85,0.07918492339996992,0.16200351451133266,0.08281859111136274,5.658376106501738
2003-02-28,1998-01-31,1998-02-28,2003-01-31,0.010476157527896641,-0.7450807417832288,-1.1934595820897675,0.8044184181834075,0.019805592203682314,0.20104358443463657,1.4720123831533154,86,0.048349933795995725,0.13082974837521577,0.08247981457922005,5.740855921080958
2003-03-31,1998-02-28,1998-03-31,2003-02-28,0.007220809018385456,-0.7514634473145835,-0.8294923541009097,0.8001815976387593,0.017208350777674387,0.006088510294269188,0.7169020836418911,87,0.008365576904531023,0.09077584389563265,0.08241026699110163,5.8232661880720595
2003-04-30,1998-03-31,1998-04-30,2003-03-31,0.0001,0.7518505094938355,0.1777354419394653,0.7893999402107005,0.01769776264097253,0.329608110792959,0.025612058795247222,88,0.0612008718365707,0.017060073935164052,-0.044140797901406646,5.779125390170653
2003-05-31,1998-04-30,1998-05-31,2003-04-30,0.0001,0.7407606667003457,1.431889769097946,0.7917867273191995,0.02199621858765026,0.47765943618091267,1.9877998237705274,89,0.07325953833521548,0.14944841745755533,0.07618887912233985,5.855314269292993
2003-06-30,1998-05-31,1998-06-30,2003-05-31,0.0001,-0.7542328049070343,-1.1339409341744444,0.7963950080008823,0.01849337873079543,0.14417826343175627,1.3281048455613724,90,0.04002475115222195,0.1214772427503912,0.08145249159816925,5.936766760891162
2003-07-31,1998-06-30,1998-07-31,2003-06-30,0.0001,1.0056071714094066,0.44303533205164697,0.797939570063925,0.019775982819378063,0.31648707443837293,0.1791484767125238,91,0.05897355287654983,0.04436963578009744,-0.014603917096452389,5.92216284379471
2003-08-31,1998-07-31,1998-08-31,2003-07-31,0.002848035868435799,0.967898778273717,1.1814640920462716,0.8024644094565001,0.023275043389338584,0.0456101432467697,1.3414018724288517,92,0.02226572313209977,0.12074955542401063,0.09848383229191085,6.020646676086621
2003-09-30,1998-08-31,1998-09-30,2003-08-31,0.0001,0.8680989251397399,0.4833777123645778,0.8032940336135628,0.024656733085960926,0.14801041155919148,0.21042493683033325,93,0.03989373135859488,0.047567149687136205,0.007673418328541327,6.028320094415162
2003-10-31,1998-09-30,1998-10-31,2003-09-30,0.002848035868435799,-0.760732847617827,-0.027042294008832526,0.7773608147778498,0.02450194557968909,0.5383018284550728,0.0026568086347589187,94,0.07567440251716932,0.00531638238338548,-0.07035802013378384,5.957962074281378
2003-11-30,1998-10-31,1998-11-30,2003-10-31,0.0013530477745798048,0.865768034068596,0.6257276654099919,0.7808038328417187,0.026296649220973575,0.05761937858575857,0.35931754316939923,95,0.024627622187026754,0.06150032461783384,0.03687270243080709,5.994834776712185
2003-12-31,1998-11-30,1998-12-31,2003-11-30,0.004977023564332103,0.8576200133324905,0.9648832010614423,0.7743747041977663,0.02909006157764164,0.011505391441776362,0.8757087999049481,96,0.010947503255012248,0.09550898735551823,0.08456148410050598,6.079396260812691
2004-01-31,1998-12-31,1999-01-31,2003-12-31,0.003430469286314912,-0.7525596832858449,-0.8183061519895468,0.7725880954520967,0.026575532754000125,0.004322598147006858,0.7138250612150943,97,0.006675542486938126,0.08578473785959917,0.07910919537266105,6.158505456185352
2004-02-29,1999-01-31,1999-02-28,2004-01-31,0.0023644894126454022,-0.753673305983333,-0.3048018602460691,0.7687073810972989,0.02559512626583424,0.20148557479826149,0.10916216869614681,98,0.04534286330883267,0.033375135663738155,-0.011967727645094517,6.146537728540258
2004-03-31,1999-02-28,1999-03-31,2004-02-29,0.0013530477745798048,0.7532466787528089,1.4309535744740662,0.7673355616589944,0.02974072640804142,0.4592866365081431,1.963397445585301,99,0.0681121057861795,0.1408271899533416,0.07271508416716209,6.21925281270742
2004-04-30,1999-03-31,1999-04-30,2004-03-31,0.004977023564332103,-0.7470601995377253,-1.8618946874922444,0.7757141775701409,0.02417709283774646,1.2428559355328148,3.5572667605571415,100,0.11148344879545191,0.1886071780329991,0.07712372923754718,6.296376541944967
2004-05-31,1999-04-30,1999-05-31,2004-04-30,0.004977023564332103,0.7694651553391706,0.30224503814861836,0.7955864363264387,0.02499254135771969,0.21829463790755335,0.0768689469767873,101,0.046490139261886894,0.027587654538551987,-0.018902484723334907,6.277474057221632
2004-06-30,1999-05-31,1999-06-30,2004-05-31,0.0001,-0.7446897997918708,-0.03200516384627125,0.7540662339508416,0.024825881400982873,0.5079193903129117,0.0032297677038954455,102,0.0705662941198761,0.005627111981636487,-0.06493918213823961,6.212534875083392
2004-07-31,1999-06-30,1999-07-31,2004-06-30,0.0001,-0.7265844431571089,-0.08747951164800573,0.7626773028622597,0.024498460429994567,0.4084551134792555,0.012539066230701414,103,0.06297288008351047,0.01103351743979174,-0.051939362643718734,6.160595512439674
2004-08-31,1999-07-31,1999-08-31,2004-07-31,0.0001,1.0066990917922105,0.9768814736928674,0.769991314607338,0.02726701570110757,0.0008890903491182753,0.9017676188269838,104,0.0029238580103347705,0.09311735868634267,0.0901935006760079,6.250789013115681
2004-09-30,1999-08-31,1999-09-30,2004-08-31,0.0001,0.8622532582138812,0.4130275461987267,0.7590197903149117,0.02838516216631806,0.2018037403355225,0.14794976359413498,105,0.0438399405125946,0.037537253063632536,-0.006302687448962063,6.24448632566672
2004-10-31,1999-09-30,1999-10-31,2004-09-30,0.09770099572992247,0.7444392061621714,0.5854533505970207,0.27836520550501614,0.029995185832302748,0.025276502269782945,0.3085337728037886,106,0.01544207138252048,0.05395086625668824,0.03850879487416776,6.282995120540887
2004-11-30,1999-10-31,1999-11-30,2004-10-31,0.08111308307896856,0.7599152092737118,1.258798535816443,0.27406565184312764,0.033536405861075494,0.24888457350234144,1.5012672871027641,107,0.04822887155453413,0.11845056096736636,0.07022168941283223,6.353216809953719
2004-12-31,1999-11-30,1999-12-31,2004-11-30,0.0001,-0.7562421540375349,-0.7480581441323239,0.2753245365757717,0.031290444510519745,6.697801812859282e-05,0.6073842226195922,108,0.0007875067203040287,0.07499285290758344,0.0742053461872794,6.427422156140999
2005-01-31,1999-12-31,2000-01-31,2004-12-31,0.0001,-0.7561514907149077,-0.9098884313606277,0.2654230857743227,0.028593656900573763,0.023635046919105625,0.8807486299871056,109,0.01472532827599546,0.08989028123458154,0.07516495295858608,6.502587109099585
2005-02-28,2000-01-31,2000-02-29,2005-01-31,0.0001,0.762789294730565,0.9388476135555887,0.25990352370549674,0.03119438249101666,0.03099653162749368,0.8238343878619573,110,0.016786502052513308,0.08654133998279546,0.06975483793028216,6.572341947029867
2005-03-31,2000-02-29,2000-03-31,2005-02-28,0.0001,-0.8508240435809187,-0.5831460282086405,0.2603236693944656,0.02944412491067576,0.0716515199136416,0.37526669569874727,111,0.02540687285777582,0.058144484195244664,0.032737611337468844,6.605079558367336
2005-04-30,2000-03-31,2000-04-30,2005-03-31,0.0001,0.7692304648173567,0.5075704568928393,0.2614726252306642,0.030802438353806905,0.06846595974705849,0.22730774350163513,112,0.024724546750695107,0.04505034321868971,0.020325796467994605,6.625405354835331
2005-05-31,2000-04-30,2000-05-31,2005-04-30,0.0001,-0.7559648393789553,-1.3937200065043633,0.25729266419249053,0.026766964005766763,0.40673165319515714,2.0177832333890473,113,0.05999495946343401,0.1336281736425875,0.0736332141791535,6.699038569014484
2005-06-30,2000-05-31,2000-06-30,2005-05-31,0.0001,0.9012235523382661,1.593847661268558,0.2578099283124663,0.031193745636452615,0.47972815627148074,2.441887260040351,114,0.06487019131835249,0.14635594857936074,0.08148575726100825,6.780524326275493
2005-07-31,2000-06-30,2000-07-31,2005-06-30,0.0001,-0.6183635073501121,-0.5598904422819518,0.25963767590279185,0.02952871975499232,0.0034190993384653084,0.34741494857633337,115,0.005452641432860821,0.0549636202668427,0.04951097883398188,6.830035305109474
2005-08-31,2000-07-31,2000-08-31,2005-07-31,0.0001,0.7710331107892341,0.3923173144153424,0.25872686140945356,0.030547788841116898,0.143425654423111,0.1308771896342002,116,0.03516287894032066,0.03358945719682871,-0.001573421743491954,6.828461883365982
2005-09-30,2000-08-31,2000-09-30,2005-08-31,0.0001,1.0046274392260786,2.4292377256567383,0.2511984074263814,0.03726680827197298,2.0295144682040465,5.721524869614515,117,0.13170526757126114,0.22113778953972843,0.0894325219684673,6.917894405334449
2005-10-31,2000-09-30,2000-10-31,2005-09-30,0.0001,-0.7615694113408996,-0.10188634978147015,0.28642672418825416,0.03687811229975666,0.435181741708422,0.01925557593669223,118,0.06072874823290679,0.012774304165829175,-0.04795444406707761,6.869939961267372
2005-11-30,2000-10-31,2000-11-30,2005-10-31,0.0001,0.8682165214508366,1.6415814573895615,0.29378150691773486,0.04134803805209595,0.5980933241395081,2.560746996364477,119,0.07089424744293481,0.14669315704009703,0.07579890959716222,6.945738870864534
2005-12-31,2000-11-30,2000-12-31,2005-11-30,0.0001,0.8753993431336329,1.2153906171995892,0.3015640988162659,0.04460926743861676,0.11559406644099221,1.3707289689481246,120,0.031036815026807572,0.10687722586173837,0.07584041083493079,7.021579281699465
2006-01-31,2000-12-31,2001-01-31,2005-12-31,0.0001,0.878527772601764,2.143476338703484,0.2995688222323196,0.050423303647106704,1.600094874882798,4.380871007558712,121,0.11499532419106546,0.19027754864148883,0.07528222445042336,7.096861506149888
2006-02-28,2001-01-31,2001-02-28,2006-01-31,0.0001,-0.7444742602113785,-0.21795954505625395,0.3266113752382542,0.049681914562290784,0.277217745274882,0.07163195090674511,122,0.04766840253893335,0.024231119218473544,-0.023437283320459804,7.073424222829428
2006-03-31,2001-02-28,2001-03-31,2006-02-28,0.0001,0.8922563370799106,0.5133750424731671,0.32601681276250194,0.05095930609923535,0.14355103540288194,0.21382831324624554,123,0.03416257584903862,0.04169462280807547,0.0075320469590368505,7.080956269788465
2006-04-30,2001-03-31,2001-04-30,2006-03-31,0.0001,0.8888386240869433,2.099424063209139,0.3219716208052061,0.05658695653085597,1.46551710541468,4.173183444421699,124,0.10871378171137897,0.183452187768228,0.07473840605684903,7.155694675845314
2006-05-31,2001-04-30,2001-05-31,2006-04-30,0.0001,-0.7355808793523751,-0.333007872831637,0.34737044754780866,0.05551957343671215,0.16206502557914626,0.15095357650380495,125,0.03600722433947346,0.03475095123921703,-0.0012562731002564304,7.154438402745058
2006-06-30,2001-05-31,2001-06-30,2006-05-31,0.0001,-0.7314305454185073,-0.5949171912552705,0.343382848164096,0.05374242380640618,0.018635895864897303,0.42075929621196256,126,0.012161576190432425,0.05778719143327295,0.04562561524284052,7.2000640179878985
2006-07-31,2001-06-30,2001-07-31,2006-06-30,0.0001,0.9018364396015865,0.30310035426230414,0.34235601920724945,0.054421873208193375,0.35848489988740856,0.061840986939379734,127,0.05312923627481341,0.022066646891507693,-0.03106258938330572,7.169001428604592
2006-08-31,2001-07-31,2001-08-31,2006-07-31,0.0001,-0.8506695359292542,-0.10355834411142176,0.34422402425688653,0.05399257913939007,0.5581751329394621,0.024822293417183196,128,0.0660359237543441,0.013925665776606292,-0.05211025797773781,7.116891170626855
2006-09-30,2001-08-31,2001-09-30,2006-08-31,0.0001,-0.837270270536114,-0.6087550971741069,0.35307518834731016,0.05219651497593886,0.05221918445666816,0.4368570336037446,129,0.020119639149573623,0.058193544595489005,0.03807390544591538,7.15496507607277
2006-10-31,2001-09-30,2001-10-31,2006-09-30,0.0001,0.7896585730885416,0.19917773253162954,0.3447591582721784,0.05259376150987316,0.3486676230647974,0.021486860560507116,130,0.0517885956457595,0.012856264728650061,-0.03893233091710944,7.11603274515566
2006-11-30,2001-10-31,2001-11-30,2006-10-31,0.0001,0.9400305960116677,0.890961986927519,0.3479107628326438,0.05485351413903123,0.0024077283974529976,0.6990773782686974,131,0.004287144281153535,0.07305113644839668,0.06876399216724315,7.184796737322904
2006-12-31,2001-11-30,2001-12-31,2006-11-30,0.0001,-0.7261003635779806,-0.20496902247760315,0.34697971413988227,0.05415506645995426,0.2715778746770779,0.06714529346771915,132,0.04535866115190146,0.022553857001952882,-0.022804804149948576,7.161991933172955
2007-01-31,2001-12-31,2002-01-31,2006-12-31,0.0001,0.8957840560229825,0.37404785720523476,0.3513582208547884,0.055012687882863856,0.2722086611567925,0.10178343926455388,133,0.04524026594564875,0.02766385759482435,-0.0175764083508244,7.144415524822131
2007-02-28,2002-01-31,2002-02-28,2007-01-31,0.0001,0.8912449185543522,0.5624475096669083,0.35313932149596994,0.05636946548121692,0.10810773609109697,0.25611498680681455,134,0.028403769995082685,0.04371848432519872,0.015314714330116032,7.159730239152247
2007-03-31,2002-02-28,2002-03-31,2007-02-28,0.0001,-0.7241975561684546,-0.2822633624182096,0.34566321490338464,0.05546644460681845,0.1953058316056791,0.11406142255316268,135,0.038035639389206684,0.029067153736128407,-0.008968485653078277,7.150761753499169
2007-04-30,2002-03-31,2002-04-30,2007-03-31,0.0001,0.8901000731420815,0.5658912905211574,0.34797393772418506,0.056823957494888507,0.10511133472854163,0.2591495495544781,136,0.027800673755131847,0.043652163678137734,0.015851489923005887,7.166613243422175
2007-05-31,2002-04-30,2002-05-31,2007-04-30,0.0001,-0.7210677564056042,-0.7460047512863721,0.34859692702142636,0.054694438373452794,0.0006218537136834469,0.6411191923219003,137,0.0021305112536827765,0.06840834842134766,0.06627783716766489,7.232891080589839
2007-06-30,2002-05-31,2002-06-30,2007-05-31,0.0001,-0.8344181609398653,-0.3253197342235826,0.34000935991411024,0.053689109874518845,0.2591812080849943,0.14364770390457898,138,0.04333733605412399,0.032263375375383326,-0.011073960678740662,7.2218171199110985
2007-07-31,2002-06-30,2002-07-31,2007-06-30,0.0001,0.7797587837911534,0.5299087643594089,0.34332777332332215,0.054945626113265256,0.06242503221004308,0.22558998269262537,139,0.021192002056233127,0.040285847586643664,0.019093845530410537,7.240910965441509
2007-08-31,2002-07-31,2002-08-31,2007-07-31,0.0001,0.7758783996316482,0.3072134627472953,0.3440365041735633,0.05560948884124954,0.21964682306481448,0.06330455968531414,140,0.03960941654498825,0.021264416905329722,-0.018344999639658528,7.22256596580185
2007-09-30,2002-08-31,2002-09-30,2007-08-31,0.0001,0.8838592303402684,2.1505290565003277,0.3472905924458793,0.061107965396785174,1.6044524485043548,4.365680495948319,141,0.10667284274576876,0.17596099857897507,0.06928815583320631,7.291854121635057
2007-10-31,2002-09-30,2002-10-31,2007-09-30,0.0001,0.8945016047455613,1.5505534472302835,0.3755756249010463,0.06500703733875769,0.4304040200275988,2.2068481359416015,142,0.05505464762893748,0.12466428540655408,0.06960963777761661,7.361463759412674
2007-11-30,2002-10-31,2002-11-30,2007-10-31,0.0001,-0.7111829334534738,-0.3718125873997552,0.380646529622509,0.06386651612534121,0.11517223178062073,0.1898162812484317,143,0.028379574032076364,0.0364333169249914,0.00805374289291504,7.369517502305589
2007-12-31,2002-11-30,2002-12-31,2007-11-30,0.0001,0.9012110650068822,1.3023287154698668,0.37477096987019676,0.06709167810280091,0.1608953695129451,1.5258105384833665,144,0.03342647087191539,0.10293641978058883,0.06950994890867344,7.439027451214262
2008-01-31,2002-12-31,2003-01-31,2007-12-31,0.0001,0.9045199581923417,1.693530241490955,0.3265666666025871,0.07131619385186104,0.622537227150958,2.631578416357613,145,0.06552373758606866,0.13471754401166636,0.06919380642559769,7.5082212576398595
2008-02-29,2003-01-31,2003-02-28,2008-01-31,0.0001,0.9109757759793651,1.0248791626001905,0.32974788000527067,0.07378656423721941,0.012973981483693236,0.9045771306608279,146,0.00942671134991473,0.07871298350113218,0.06928627215121745,7.5775075297910774
2008-03-31,2003-02-28,2003-03-31,2008-02-29,0.0001,-0.7032269103030371,-1.1419612566606794,0.32781465062331044,0.07064509699975714,0.19248782667386763,1.4704141689376597,147,0.03618619899604561,0.10001408638670051,0.0638278873906549,7.6413354171817325
2008-04-30,2003-03-31,2003-04-30,2008-03-31,0.0001,-0.7073800784177254,-0.9486543655902057,0.3303959009131833,0.06801803652916445,0.05821328165058846,1.03362277323117,148,0.019832624236988852,0.0835699566648647,0.06373733242787585,7.7050727496096085
2008-05-31,2003-04-30,2003-05-31,2008-04-30,0.0001,0.78395370635854,0.3392175354436764,0.32666504613187475,0.0687152074775308,0.1977902617200148,0.0731715094351042,149,0.0364342067422868,0.022160414164457683,-0.014273792577829115,7.690798957031779
2008-06-30,2003-05-31,2003-06-30,2008-05-31,0.0001,0.7773021478544757,0.6713769446935333,0.32053690958570696,0.07026049398321287,0.011220148664686931,0.36134098731457304,150,0.008648756621498426,0.049080952674438655,0.040432196052940225,7.731231153084719
2008-07-31,2003-06-30,2003-07-31,2008-06-30,0.0001,-0.7097238884289274,-0.23804454718332235,0.31907103140535226,0.06947199004161048,0.22248140095788796,0.09456642066681349,151,0.038384720414645676,0.025025340887492198,-0.013359379527153478,7.717871773557566
2008-08-31,2003-07-31,2003-08-31,2008-07-31,0.0001,-0.5481303698469548,-1.3883484985747774,0.3201236021614291,0.06575306022371152,0.7059665038428837,2.1144113433001954,152,0.06815068945102867,0.11794321066837397,0.0497925212173453,7.767664294774911
2008-09-30,2003-08-31,2003-09-30,2008-08-31,0.0001,0.9243211279798644,0.7387182201902447,0.3284568372390962,0.0674654397656111,0.03444843937996209,0.4505802952278013,153,0.0150051057497721,0.054267570885888294,0.0392624651361162,7.806926759911027
2008-10-31,2003-09-30,2003-10-31,2008-09-30,0.0001,-0.6971926957138321,-2.199883580789061,0.3270784138972625,0.06171074682004087,2.258079896088175,5.114808902673667,154,0.12109028230252432,0.1822444644496954,0.06115418214717107,7.8680809420581985
2008-11-30,2003-10-31,2003-11-30,2008-10-31,0.0001,0.8268372727557485,1.111170187770995,0.3520544545097854,0.0643676061642205,0.08084520656106739,1.095795644858608,155,0.022838169318343753,0.08408120670915968,0.06124303739081593,7.9293239794490145
2008-12-31,2003-11-30,2003-12-31,2008-11-30,0.0001,0.8983319124806992,0.6757689425424461,0.35287070749257976,0.06591154893285238,0.049534275587735745,0.371926040540287,156,0.017819298740794787,0.0488276692615433,0.03100837052074851,7.960332349969763
2009-01-31,2003-12-31,2004-01-31,2008-12-31,0.0001,1.0318104947309157,0.43290626026164597,0.353195125622512,0.06683596886063271,0.3586862820652219,0.13400745824642277,157,0.047797761458204566,0.029215589836038926,-0.01858217162216564,7.941750178347597
2009-02-28,2004-01-31,2004-02-29,2009-01-31,0.0001,0.9060050053026508,0.1681581468460617,0.3584488024001604,0.06709054719727953,0.5444179865342579,0.010214659698766514,158,0.05869994428513184,0.008040506509474512,-0.050659437775657325,7.89109074057194
2009-03-31,2004-02-29,2004-03-31,2009-02-28,0.0001,-0.7789620269437363,-0.21706179131217665,0.3626235157428534,0.0663783859478824,0.3157318748028023,0.0803383340852137,159,0.04456158728830072,0.02247826820323217,-0.022083319085068553,7.869007421486871
2009-04-30,2004-03-31,2004-04-30,2009-03-31,0.0001,-0.7166181647118077,-0.3590148600982126,0.3604064153072996,0.06531490283276715,0.1278801234705637,0.18005574770906146,160,0.028271023534548995,0.033546213246529545,0.0052751897119805505,7.8742826111988515
2009-05-31,2004-04-30,2004-05-31,2009-04-30,0.0001,0.7668478391902139,1.001813834494144,0.34447011156156737,0.06765031163990276,0.05520901894916652,0.8726614874314467,161,0.0185179146011355,0.07362239934904055,0.05510448474790505,7.9293870959467565
2009-06-30,2004-05-31,2004-06-30,2009-05-31,0.0001,-0.7133246614055375,-0.7316648901695217,0.34221277772342223,0.06566196536674498,0.0003363639911152743,0.6357301145593507,162,0.0014409444586139797,0.06264391404131565,0.061202969582701675,7.990590065529458
2009-07-31,2004-06-30,2004-07-31,2009-06-30,0.003430469286314912,0.8609618161197623,0.41845398530808037,0.3338996182111256,0.06653737980828676,0.19581318032966014,0.12384529722649736,163,0.03465988826847529,0.02756423587820028,-0.007095652390275011,7.983494413139184
2009-08-31,2004-07-31,2004-08-31,2009-07-31,0.005994842503189409,-0.7112909093520638,-0.018212599072113967,0.3298043881797918,0.06632760263284022,0.4803575441805105,0.007147045704314339,164,0.05412032349990916,0.006601480665542122,-0.04751884283436704,7.935975570304817
2009-09-30,2004-08-31,2004-09-30,2009-08-31,0.007220809018385456,0.7806994118771567,1.1311170945347255,0.3387759018759093,0.06895671248938809,0.12279255231910058,1.128184677186697,165,0.02727997959644449,0.0826890735952495,0.05540909399880502,7.991384664303622
2009-10-31,2004-09-30,2004-10-31,2009-09-30,0.005994842503189409,0.8958513581787141,0.6626350185914577,0.3386252414369803,0.07041897432707792,0.0543898610504785,0.35071984308414983,166,0.018101098457395572,0.045964879408752324,0.02786378095135675,8.019248445254979
2009-11-30,2004-10-31,2004-11-30,2009-10-31,0.0001,0.9027612744394584,2.8165808173807,0.33702644112418395,0.07716630072278706,3.662705242943823,7.5043918940761065,167,0.1480958025205796,0.21198225965311662,0.06388645713253702,8.083134902387515
2009-12-31,2004-11-30,2004-12-31,2009-11-30,0.0001,-0.7021441805415569,-1.6211888714125762,0.39743747541531543,0.07300366549696509,0.8446431438182074,2.870288352119987,168,0.07090583728313674,0.13070979196295862,0.059803954679821886,8.142938857067337
2010-01-31,2004-12-31,2005-01-31,2009-12-31,0.0001,-0.7102271321021012,-0.22648999361977276,0.40988899737689316,0.07227140716171634,0.23400161914707143,0.08925837459691756,169,0.03721054911402527,0.0229816462139607,-0.01422890290006457,8.128709954167272
2010-02-28,2005-01-31,2005-02-28,2010-01-31,0.0001,0.9160200806921767,0.603823089189833,0.41451525571939424,0.0735678746788581,0.09746696150311447,0.28117059251608,170,0.023944416210577767,0.04066871846836699,0.016724302257789224,8.145434256425062
2010-03-31,2005-02-28,2005-03-31,2010-02-28,0.0001,-0.839393970629477,-0.08481875481689469,0.4149368657404191,0.07318250575064458,0.569383756318605,0.02496439834093144,171,0.05770380896539369,0.012082658381858624,-0.04562115058353507,8.099813105841527
2010-04-30,2005-03-31,2005-04-30,2010-03-31,0.0001,0.9135146555533256,1.1099602509438877,0.4232683694085854,0.07569895658849225,0.03859087194835246,1.069696425001698,172,0.014978836222599021,0.0788616843697735,0.06388284814717449,8.163695953988702
2010-05-31,2005-04-30,2005-05-31,2010-04-30,0.0001,0.9149951228021489,0.5841808067548608,0.4234739182522855,0.07693014750899194,0.10943811170183498,0.2573032313053686,173,0.02515134670452199,0.038565553477941085,0.013414206773419094,8.17711016076212
2010-06-30,2005-05-31,2005-06-30,2010-05-31,0.0001,0.9125195879335096,0.571845328802347,0.4195605173396983,0.07812559480680198,0.11605895083456658,0.2437591757366317,174,0.02582644893450268,0.037428796441831926,0.011602347507329247,8.18871250826945
2010-07-31,2005-06-30,2005-07-31,2010-06-30,0.010476157527896641,-0.6995843916833193,-1.1666976717144357,0.412899745046598,0.07512602067060623,0.21819481638142818,1.542126082968819,175,0.0353104449445145,0.09387304749253701,0.058562602548022515,8.247275110817473
2010-08-31,2005-07-31,2005-08-31,2010-07-31,0.012618568830660185,0.890265606223038,1.143633871578882,0.4152975527938493,0.0776945491583665,0.06419547788942943,1.136226639082308,176,0.01909835159019404,0.08034819958532999,0.06124984799513595,8.308524958812608
2010-09-30,2005-08-31,2005-09-30,2010-08-31,0.012618568830660185,0.8920864411439815,1.0928751091347184,0.41467667799850655,0.08012903491370547,0.04031608919349438,1.0256546108500737,177,0.015092200476321614,0.07612265640636826,0.06103045593004664,8.369555414742655
2010-10-31,2005-09-30,2005-10-31,2010-09-30,0.03199267137797378,0.8594743423933817,1.059064206241167,0.3724893680455328,0.08247098508434533,0.03983611375077748,0.9537343196094569,178,0.014959892775628456,0.07319875665155814,0.05823886387592969,8.427794278618585
2010-11-30,2005-10-31,2005-11-30,2010-10-31,0.03199267137797378,0.8606816758743372,0.5065296713058416,0.3652465261307427,0.08348305832115081,0.12542364233988373,0.17896843675781873,179,0.026470563638293754,0.03161998844146047,0.005149424803166713,8.432943703421751
2010-12-31,2005-11-30,2005-12-31,2010-11-30,0.03199267137797378,0.8581586083116763,0.5239997480236891,0.35448610446796824,0.08453190758234734,0.11166214390896657,0.1931319827821766,180,0.024906730896259815,0.032755998838395715,0.0078492679421359,8.440792971363887
2011-01-31,2005-12-31,2006-01-31,2010-12-31,0.03199267137797378,-0.6985805250520191,-1.3301363009301013,0.3531341632305439,0.08117165055500186,0.3988626980449664,1.9917901339250779,181,0.04694317112387658,0.10490169388909569,0.05795852276521911,8.498751494129106
2011-02-28,2006-01-31,2006-02-28,2011-01-31,0.03199267137797378,0.81650139359325,1.1381973419804288,0.3295378127605078,0.08367645077164977,0.10348828320872637,1.1120143099957573,182,0.02384569019146411,0.07816628900133628,0.05432059880987217,8.553072092938978
2011-03-31,2006-02-28,2006-03-31,2011-02-28,0.03199267137797378,0.8547900203294193,0.4511216285078194,0.32649335712312505,0.08454511549443032,0.1629481705558367,0.1343783398930554,183,0.02984002616465516,0.0270981155851853,-0.002741910579469861,8.550330182359508
2011-04-30,2006-03-31,2006-04-30,2011-03-31,0.03199267137797378,0.8519759977146123,1.8962403992697257,0.3274938157383243,0.08881798172974942,1.0904881403552589,3.266775795426052,184,0.07698419305410445,0.13324494842015366,0.056260755366049214,8.606590937725558
2011-05-31,2006-04-30,2006-05-31,2011-04-30,0.03199267137797378,-0.7026248425760105,-0.3581272900009165,0.31892440161855456,0.08776634579626551,0.1186785637302297,0.19882113444442998,185,0.025327963792873946,0.032782752093665914,0.007454788300791968,8.61404572602635
2011-06-30,2006-05-31,2006-06-30,2011-05-31,0.02656087782946684,-0.7004476815110194,-0.5183230087763254,0.31829394961077123,0.08634360083248008,0.033169396418719396,0.3656217087758076,186,0.0133540289153755,0.04433630692443711,0.030982278009061608,8.645028004035412
2011-07-31,2006-06-30,2006-07-31,2011-06-30,0.02656087782946684,0.8696945888298665,2.1557356666571192,0.3185618961372311,0.09118995227469236,1.6539016538590816,4.262349006774845,187,0.09404463765098028,0.1509745349277716,0.05692989727679132,8.701957901312202
2011-08-31,2006-07-31,2006-08-31,2011-07-31,0.02656087782946684,0.87797285842802,3.1245608247249166,0.34183879151750396,0.0982772673972396,5.047157490310026,9.15839216935186,188,0.16384926730158453,0.22071441267990985,0.05686514537832532,8.758823046690528
2011-09-30,2006-08-31,2006-09-30,2011-08-31,0.02656087782946684,-0.6914108992681214,-2.301293086197396,0.41994027143028717,0.09268386330960642,2.5917206557921846,5.731125634770854,189,0.11710169812007062,0.17413619973167166,0.057034501611601035,8.815857548302128
2011-10-31,2006-09-30,2006-10-31,2011-09-30,0.02656087782946684,0.8888345387798966,0.7653696975183291,0.4616921358618693,0.09424824897055692,0.01524356702774407,0.45040399870085995,190,0.008957081005886986,0.048688267186083684,0.0397311861801967,8.855588734482325
2011-11-30,2006-10-31,2006-11-30,2011-10-31,0.02656087782946684,0.887925969734316,0.14638748430701798,0.45592360411889926,0.09436922167435383,0.5498793253698111,0.0027058996473208236,191,0.05365584169021973,0.003763909385242749,-0.04989193230497698,8.805696802177348
2011-12-31,2006-11-30,2006-12-31,2011-11-30,0.02656087782946684,-0.7593671490253772,-1.3776525786152773,0.46423516603925036,0.09096176380331301,0.38227687244316744,2.156828086757589,192,0.04462090740121904,0.10598811074138981,0.06136720334017077,8.86706400551752
2012-01-31,2006-12-31,2007-01-31,2011-12-31,0.02656087782946684,0.8269786563445294,1.3703218362547596,0.46623378689546224,0.09391640600296994,0.29522181115496077,1.629210822376256,193,0.039110697896126534,0.09187767330364023,0.0527669754075137,8.919830980925033
2012-02-29,2007-01-31,2007-02-28,2012-01-31,0.02656087782946684,-0.7077273470451764,-0.22385860230719748,0.46830974406455733,0.0931842055229926,0.2341289621343074,0.10051614199685083,194,0.03473975129847557,0.022762347051276065,-0.011977404247199504,8.907853576677834
2012-03-31,2007-02-28,2007-03-31,2012-02-29,0.02656087782946684,-0.7608345878844842,-0.4366339777190731,0.4714236403699707,0.09196623268795336,0.10510603563162488,0.2794181824423526,195,0.023216487911211066,0.037853847309284545,0.01463735939807348,8.922490936075906
2012-04-30,2007-03-31,2007-04-30,2012-03-31,0.02656087782946684,-0.7034777476745675,-0.05418470120444211,0.4697126448475214,0.09163102412397997,0.42158146019445647,0.02126222575305383,196,0.04637807474786611,0.010415408952030148,-0.03596266579583596,8.88652827028007
2012-05-31,2007-04-30,2007-05-31,2012-04-30,0.02656087782946684,-0.7567321705882605,-1.0860412382610332,0.47604010791623824,0.08893612192172594,0.10844446205151077,1.3805717969420452,197,0.023462299605953956,0.08371367071560315,0.06025137110964919,8.94677964138972
2012-06-30,2007-05-31,2007-06-30,2012-05-31,0.02656087782946684,0.8280397089912177,0.5153859864946523,0.47800637168717963,0.089909751749518,0.09775235019095933,0.18103002633289664,198,0.02221933253583866,0.030237279346650166,0.008017946810811506,8.954797588200531
2012-07-31,2007-06-30,2007-07-31,2012-06-30,0.022051307399030412,0.8255279904498669,0.06348603562385514,0.4766369912359745,0.08984956105219302,0.5807079409150494,0.0006950354730106179,199,0.05401972192039711,0.001868860767390806,-0.05215086115300631,8.902646727047525
2012-08-31,2007-07-31,2007-08-31,2012-07-31,0.022051307399030412,0.8201627631923265,0.7499646440976008,0.48479473126951805,0.09134982260456896,0.004927775924437297,0.43377348309029823,200,0.0049637566038421435,0.04657110064676903,0.04160734404292689,8.944254071090452
2012-09-30,2007-08-31,2007-09-30,2012-08-31,0.022051307399030412,0.8928703624418486,1.0189904916687618,0.48123234697957173,0.0934533161852134,0.01590628699621328,0.8566190632020647,201,0.008895828022172307,0.0652823589041471,0.056386530881974796,9.000640601972426
2012-10-31,2007-09-30,2007-10-31,2012-09-30,0.022051307399030412,-0.6968506306478817,-0.6721267034232951,0.4514212532156549,0.09172123469288646,0.0006112725774066548,0.583463672564342,202,0.0017395694491309556,0.05374415338058412,0.052004583931453165,9.05264518590388
2012-11-30,2007-10-31,2007-11-30,2012-10-31,0.02656087782946684,-0.6963599483544877,-0.12533507127471877,0.44260268105187617,0.09123126560492346,0.3260694102439652,0.04690097826946668,203,0.04007808943092629,0.015199977033536363,-0.024878112397389927,9.02776707350649
2012-12-31,2007-11-30,2007-12-31,2012-11-30,0.02656087782946684,-0.6923947674431967,-0.5174681645330406,0.44626336139878897,0.08986032094245057,0.030599316405687454,0.3688478892699538,204,0.012247311911088389,0.042521499133711234,0.030274187222622845,9.058041260729114
2013-01-31,2007-12-31,2008-01-31,2012-12-31,0.02656087782946684,-0.7592847382926727,-0.2521750628899281,0.4431085531774361,0.0890917021023778,0.2571602228870771,0.11646300488831375,205,0.035418076057915374,0.023835104760990336,-0.011582971296925038,9.046458289432188
2013-02-28,2008-01-31,2008-02-29,2013-01-31,0.02656087782946684,-0.7556750767356955,-1.3225458493103588,0.43509649825921815,0.08592659548486045,0.3213424727993957,1.983794627747422,206,0.03949575820897633,0.09813292520088572,0.05863716699190939,9.105095456424097
2013-03-31,2008-02-29,2008-03-31,2013-02-28,0.02656087782946684,0.8182709371517862,0.27248908805856153,0.44009608406618994,0.08634396124005889,0.2978778267996195,0.034650008238276436,207,0.037934460822220184,0.012937980682713318,-0.024996480139506866,9.08009897628459
2013-04-30,2008-03-31,2008-04-30,2013-03-31,0.02656087782946684,-0.7606168611732655,-2.257820329500576,0.44180404014177094,0.08111145166251284,2.2416182255713273,5.4706018769347375,208,0.10381238220878158,0.16217573974607372,0.05836335753729213,9.138462333821883
2013-05-31,2008-04-30,2008-05-31,2013-04-30,0.022051307399030412,-0.7795933553518325,-0.8420684770326036,0.47859928393620277,0.07905537164314731,0.003903140829027152,0.8484691445992277,209,0.004321494529838234,0.06371546891410024,0.059393974384262,9.197856308206145
2013-06-30,2008-05-31,2008-06-30,2013-05-31,0.02656087782946684,-0.7710210136622889,-1.6170184604794717,0.4749888070526112,0.07528631868287483,0.715711680021192,2.8638954655757187,210,0.05837937013401028,0.1167801244010404,0.05840075426703011,9.256257062473175
2013-07-31,2008-06-30,2008-07-31,2013-06-30,0.02656087782946684,0.8088121932773982,0.9180773687002617,0.4871405671506472,0.0771550349800309,0.011938878560189136,0.7071503713494791,211,0.007522124888919239,0.05789148090088908,0.05036935601196984,9.306626418485145
2013-08-31,2008-07-31,2008-08-31,2013-07-31,0.022051307399030412,0.80935203184535,0.7854167326109661,0.4837607018673595,0.07872198563850642,0.0005728985494394969,0.4994174653984689,212,0.001643883100557796,0.04853599449185658,0.046892111391298785,9.353518529876444
2013-09-30,2008-08-31,2008-09-30,2013-08-31,0.022051307399030412,-0.6960408792161145,-0.768572929799264,0.47461636719745304,0.07685157743665703,0.005260898361796556,0.7147425974350998,213,0.004969814216021346,0.057927532736955736,0.052957718520934394,9.406476248397379
2013-10-31,2008-09-30,2008-10-31,2013-09-30,0.022051307399030412,-0.6965316098385628,-0.028740355536038483,0.47456453990465547,0.07661899608649692,0.44594515932293866,0.011100592974321054,214,0.045649270363135375,0.007202217004960832,-0.03844705335817454,9.368029195039204
2013-11-30,2008-10-31,2008-11-30,2013-10-31,0.01519911082952933,-0.6923405376318813,-0.8110249435576802,0.4457375159989646,0.07466813028508114,0.014085988209959804,0.784452221053039,215,0.008094209302481076,0.06040376628689673,0.05230955698441565,9.42033875202362
2013-12-31,2008-11-30,2008-12-31,2013-11-30,0.01830738280295366,-0.7910813499317437,-0.6465553291673535,0.4447361516263687,0.07308649989154509,0.020887770677988964,0.517884362131237,216,0.009833750150767848,0.04896542440993048,0.03913167425916263,9.459470426282781
2014-01-31,2008-12-31,2009-01-31,2013-12-31,0.01519911082952933,0.8080984713299886,0.5196145015817989,0.4445884541925077,0.07406358523441217,0.08322300080167443,0.19851561905799603,217,0.01958356792636649,0.03024596702049035,0.010662399094123861,9.470132825376906
2014-02-28,2009-01-31,2009-02-28,2014-01-31,0.0016297508346206436,0.8104972186777254,1.1985597956516703,0.44159344022383057,0.07651881713488655,0.15059256364765888,1.2589759574709016,218,0.026282914152837157,0.07599420419326357,0.04971129004042641,9.519844115417332
2014-03-31,2009-02-28,2009-03-31,2014-02-28,0.0001,-0.6713951401796063,-0.6093048344130941,0.4358338652277688,0.07502464795940074,0.003855206070178978,0.46830684044420684,219,0.004195674044268544,0.046242701037986694,0.04204702699371815,9.56189114241105
2014-04-30,2009-03-31,2009-04-30,2014-03-31,0.0001,0.962736701475034,0.2060018138688414,0.4303957675273579,0.07530938092876908,0.5726476901203569,0.0170805120277953,220,0.0510190557145232,0.008811282031318325,-0.04220777368320487,9.519683368727845
2014-05-31,2009-04-30,2009-05-31,2014-04-30,0.0001,-0.678713791568126,-0.9114111729914753,0.43749644700683227,0.0731689892716753,0.05414807132128375,0.969398095922132,221,0.015652919771767006,0.06623002886628962,0.050577109094522614,9.570260477822368
2014-06-30,2009-05-31,2009-06-30,2014-05-31,0.0001,0.8091995620358183,1.5337650214045906,0.43744270931449153,0.07633045254469026,0.52499510491028,2.124115522507844,222,0.04862964954542826,0.0978166035968563,0.04918695405142804,9.619447431873796
2014-07-31,2009-06-30,2009-07-31,2014-06-30,0.0001,-0.7014983797146285,-0.8775806979169536,0.44584203193774746,0.0742701692823541,0.031004982783504876,0.906020073388074,223,0.011791344165761929,0.06374064860237502,0.051949304436613095,9.67139673631041
2014-08-31,2009-07-31,2009-08-31,2014-07-31,0.0001,0.7325685832513876,0.11448861470258676,0.4436092997588258,0.07435684696644942,0.3820228475212867,0.001610558781627273,224,0.04129720499888618,0.0026814165213252567,-0.03861578847756092,9.632780947832847
2014-09-30,2009-08-31,2009-09-30,2014-08-31,0.0001,-0.6790285670786667,-1.68196457845193,0.4412919251250959,0.07057981164296903,1.0058806429093106,3.071411839253101,225,0.06686240075821756,0.11683629267299325,0.04997389191477569,9.682754839747624
2014-10-31,2009-09-30,2009-10-31,2014-09-30,0.0001,-0.8247234240395417,-1.059250183728466,0.4562232105708187,0.06815528375590586,0.05500280101018647,1.2710430881136552,226,0.015600487995854158,0.0749938961561532,0.05939340816029905,9.742148247907922
2014-11-30,2009-10-31,2009-11-30,2014-10-31,0.0001,0.8095892600182557,0.08107369049423944,0.45669565824769,0.06818294629710145,0.5307349350389018,0.0001661712859560469,227,0.04835327663566197,0.0008555887427512553,-0.047497687892910714,9.694650560015011
2014-12-31,2009-11-30,2009-12-31,2014-11-30,0.0001,0.8033346377631831,0.18864088897224268,0.4037795789847464,0.06844033506350132,0.3778484048026599,0.014448173159968238,228,0.04070908799796062,0.007960476149463453,-0.03274861184849717,9.661901948166514
2015-01-31,2009-12-31,2010-01-31,2014-12-31,0.0001,0.7981021416935028,1.7015920595830198,0.3967193701621371,0.07192253490256212,0.8162940317280063,2.6558227596722292,229,0.059704294306503466,0.10769159345036515,0.047987299143861684,9.709889247310377
2015-02-28,2010-01-31,2010-02-28,2015-01-31,0.0001,-0.618985649541585,-1.088634034300954,0.40554359560859343,0.06945326560638443,0.2205696053070843,1.3411661942066695,230,0.030967697427219946,0.07636201520465495,0.04539431777743501,9.755283565087812
2015-03-31,2010-02-28,2010-03-31,2015-02-28,0.004132012400115334,-0.705004225727951,-0.5146348391961603,0.4079749483229197,0.0682131634730457,0.03624050332849033,0.33971179421548275,231,0.01252538605370431,0.038348583126012005,0.025823197072307694,9.78110676216012
2015-04-30,2010-03-31,2010-04-30,2015-03-31,0.0001,0.8067170816408378,0.0037756243901284326,0.39918448429869124,0.06807664326312426,0.6447149837718926,0.004134621028105366,232,0.05271568927338903,0.00422156870872939,-0.04849412056465964,9.732612641595459
2015-05-31,2010-04-30,2010-05-31,2015-04-30,0.0001,0.7222765565264769,0.12212493512295779,0.40960715174061146,0.06819091026494209,0.360181968673273,0.002908879037385055,233,0.0393172399732326,0.003533335447975283,-0.03578390452525732,9.696828737070202
2015-06-30,2010-05-31,2010-06-30,2015-05-31,0.0001,-0.918277714347855,-0.3079397810172107,0.4139582261588768,0.06739738559978987,0.3725123928623219,0.14087798864407805,234,0.03989903887101086,0.024536558163547592,-0.015362480707463266,9.68146625636274
2015-07-31,2010-06-30,2010-07-31,2015-06-30,0.0001,-0.8293016240396044,-1.666585961890709,0.41796411929605887,0.06374689434191513,0.7010450624107628,2.994051793358151,235,0.05461840787082384,0.11287446978472865,0.05825606191390481,9.739722318276645
2015-08-31,2010-07-31,2010-08-31,2015-07-31,0.0001,0.794159243587444,0.8636758483300825,0.4272520976456581,0.06542741735449531,0.004832558334944221,0.6372005575549867,236,0.004525145533264237,0.05196154696043152,0.047436401427167284,9.787158719703811
2015-09-30,2010-08-31,2010-09-30,2015-08-31,0.0001,-0.8353475590348525,-0.4016578576437795,0.42619797435394846,0.06444820294150104,0.18808675709267805,0.2172548597143292,237,0.028171173366224298,0.030276842170054965,0.0021056688038306667,9.789264388507641
2015-10-31,2010-09-30,2010-10-31,2015-09-30,0.0001,0.7962857625803286,0.5836574373451885,0.42809899008475666,0.06553441472895645,0.04521080469230051,0.2684514665649805,238,0.013782647215007845,0.03358492725179439,0.019802280036786545,9.809066668544428
2015-11-30,2010-10-31,2010-11-30,2015-10-31,0.0001,-0.6983661831465553,-1.645519869446116,0.4286224147968094,0.06196227634863271,0.8971001054708465,2.9154952782078394,239,0.06126627887065006,0.1104478384280196,0.04918155955736954,9.858248228101798
2015-12-31,2010-11-30,2010-12-31,2015-11-30,0.0011233240329780265,-0.8359298316422674,-0.1004711495658091,0.4419441832168635,0.06162387337797762,0.5408994730416411,0.026274796463146743,240,0.04747365379176298,0.010463188739406585,-0.037010465052356396,9.821237763049442
2016-01-31,2010-12-31,2011-01-31,2015-12-31,0.0019630406500402682,0.7948105126587391,1.1761174983304736,0.4476982912864341,0.06394090794128843,0.14539501732206433,1.2369367682097134,241,0.024562142151337445,0.07164159204270762,0.047079449891370174,9.868317212940811
2016-02-29,2011-01-31,2011-02-28,2016-01-31,0.0023644894126454022,0.7386150596584007,2.239421692934003,0.4435442210039294,0.0684543535533065,2.252420550484049,4.713099188657701,242,0.09647550433081187,0.13955506612823704,0.04307956179742517,9.911396774738236
2016-03-31,2011-02-28,2011-03-31,2016-02-29,0.01519911082952933,0.9017607832112264,0.007549769516906558,0.4765415693378624,0.06832825710602616,0.7996133370122231,0.003694024553620766,243,0.05736366327430486,0.0038989417967240595,-0.0534647214775808,9.857932053260656
2016-04-30,2011-03-31,2011-04-30,2016-03-31,0.01519911082952933,0.8959571476796239,0.8152030193838997,0.4865539590526887,0.069871386780154,0.006521229236802276,0.5555192425597649,244,0.005169753314342655,0.04771496837693756,0.042545215062594906,9.90047726832325
2016-05-31,2011-04-30,2011-05-31,2016-04-30,0.01519911082952933,-0.7070303161013937,-1.150775721979206,0.46898162844743924,0.06735458861776357,0.19690998523766448,1.4838414535950697,245,0.028349854064172095,0.07782349085565018,0.04947363679147809,9.94995090511473
2016-06-30,2011-05-31,2011-06-30,2016-05-31,0.01519911082952933,0.8173873768203086,1.6599961889537167,0.4703410796063371,0.07063162894767294,0.7099896102848731,2.526079704603205,246,0.05372277568382223,0.10133418320280123,0.047611407518979,9.997562312633708
2016-07-31,2011-06-30,2011-07-31,2016-06-30,0.01519911082952933,0.8967219425810911,0.4421432449387616,0.4816892075047733,0.07139448647537538,0.20664179235019636,0.1374546419021423,247,0.028924149888318734,0.023590178590243958,-0.0053339712980747765,9.992228341335633
2016-08-31,2011-07-31,2011-08-31,2016-07-31,0.01519911082952933,-0.7115628087094259,-0.6136040004281066,0.4582445767412386,0.06999080105139283,0.009595928119896272,0.4673018526097963,248,0.006220390546257433,0.04340831330228322,0.03718792275602579,10.029416264091658
2016-09-30,2011-08-31,2011-09-30,2016-08-31,0.01519911082952933,0.8939635668713701,0.10053901666141773,0.37704588505862663,0.07005327183996139,0.6295225168758652,0.0009293806373189522,249,0.050281237842952305,0.0019319555788657903,-0.04834928226408652,9.981066981827572
2016-10-31,2011-09-30,2011-10-31,2016-09-30,0.03853528593710527,-0.742645284687322,-0.8643796798880486,0.3433705468667981,0.06814626581602667,0.014819262974886687,0.8696046394112801,250,0.00769915916834733,0.05897811931254777,0.05127896014420044,10.032345941971773
2016-11-30,2011-10-31,2011-11-30,2016-10-31,0.03199267137797378,-0.75647276082777,-2.189181213562877,0.343403396879299,0.06354885750771934,2.0526535105386245,5.074792773105735,251,0.0904317556637313,0.14219106125498768,0.05175930559125638,10.084105247563029
2016-12-31,2011-11-30,2011-12-31,2016-11-30,0.01519911082952933,-0.7969671841835452,-0.4007144207103435,0.36705351671114655,0.06260523295849564,0.1570162525601491,0.21466510147581305,252,0.024961577820766436,0.029186394788960075,0.004224816968193639,10.088330064531222
2017-01-31,2011-12-31,2012-01-31,2016-12-31,0.01830738280295366,0.8124245197722749,1.122852676942859,0.363100446493539,0.06475583629314952,0.09636564076432488,1.1195689241928968,253,0.01951645102800601,0.066521978423756,0.04700552739574999,10.135335591926973
2017-02-28,2012-01-31,2012-02-29,2017-01-31,0.01830738280295366,0.8154506757588937,0.8821395099126583,0.35999425367646837,0.06641045911424164,0.004447400600788318,0.665413884316486,254,0.0041844296127675484,0.05118339283433064,0.04699896322156309,10.182334555148536
2017-03-31,2012-02-29,2012-03-31,2017-02-28,0.01519911082952933,-0.717686010327848,-0.12914110898839282,0.3563914288685838,0.06601540544130702,0.346385100892669,0.03808606512434964,255,0.03685611136130795,0.012221174989938752,-0.024634936371369202,10.157699618777167
2017-04-30,2012-03-31,2012-04-30,2017-03-31,0.01830738280295366,0.8851335693385747,0.4663197717535945,0.36022234328055747,0.0668224706959689,0.17540499704755275,0.15959809355232715,256,0.02617586234906126,0.0249685813161016,-0.0012072810329596603,10.156492337744208
2017-05-31,2012-04-30,2012-05-31,2017-04-30,0.01519911082952933,0.8803132614110932,0.09045305452610074,0.3566894629232864,0.0668700171423072,0.6238791464204031,0.0005561596522454036,257,0.04927012600766216,0.0014710694543345936,-0.047799056553327564,10.10869328119088
2017-06-30,2012-05-31,2012-06-30,2017-05-31,0.03199267137797378,-0.7181180107625555,-0.7292970531726465,0.36556006885931586,0.06527128808544985,0.00012497098920661172,0.6313388489296428,258,0.0006959767805720205,0.049467664206559,0.04877168742598698,10.157464968616866
2017-07-31,2012-06-30,2012-07-31,2017-06-30,0.03199267137797378,0.810460362482076,0.596442721580036,0.36374870596027176,0.06633575989606025,0.04580355061727455,0.2810133908258161,259,0.013298409144742946,0.03293924387371791,0.019640834728974967,10.177105803345842
2017-08-31,2012-07-31,2012-08-31,2017-07-31,0.03853528593710527,0.8094151510772752,1.2596993011470716,0.35457611109694037,0.06872248697856227,0.20275581580407892,1.418425771886972,260,0.027925437521817253,0.07386124652364605,0.045935809001828795,10.22304161234767
2017-09-30,2012-08-31,2012-09-30,2017-08-31,0.03853528593710527,-0.718413769449811,-0.9968156758843301,0.35767233931520503,0.0665956642981972,0.07750762150637473,1.130843678428799,261,0.017232645388164658,0.06582350947883546,0.0485908640906708,10.271632476438342
2017-10-31,2012-09-30,2012-10-31,2017-09-30,0.03853528593710527,-0.7200986321218825,-0.26855330744994926,0.3588687707247351,0.06592803686443596,0.20389318023308162,0.11187776969435834,262,0.027896563321750473,0.02066432646244261,-0.007232236859307864,10.264400239579034
2017-11-30,2012-10-31,2012-11-30,2017-10-31,0.03853528593710527,0.8374807111866288,0.0526426089506293,0.36191988890149845,0.06590162448289759,0.6159708467214051,0.0001758014928849318,263,0.048395190610492224,0.000817585922706198,-0.047577604687786025,10.216822634891248
2017-12-31,2012-11-30,2012-12-31,2017-11-30,0.05590810182512223,0.8047658634507848,0.9481154078734441,0.36758926184647833,0.06765204865629151,0.020549091886183955,0.7752157269239527,264,0.008822554577096608,0.05418877381935557,0.04536621924225896,10.262188854133507
2018-01-31,2012-12-31,2013-01-31,2017-12-31,0.05590810182512223,0.8052114058967699,0.7118692711133214,0.36755230292228885,0.06892772632452326,0.008712754125931454,0.4133738300154062,265,0.005733961759232888,0.03949558513734358,0.03376162337811069,10.295950477511617
2018-02-28,2013-01-31,2013-02-28,2018-01-31,0.046415888336127725,-0.7190411160886007,-0.5116246983148388,0.3647073719638259,0.06778038951693559,0.04302157036209971,0.33571025580534614,266,0.012717516539214208,0.03552560528474027,0.02280808874552606,10.318758566257143
2018-03-31,2013-02-28,2013-03-31,2018-02-28,0.05590810182512223,0.8046373665251985,0.08915200506751854,0.35839906027115337,0.06782254260480658,0.5119193024602269,0.00045494596894823854,267,0.04378699302621731,0.0013053419041375797,-0.04248165112207973,10.276276915135064
2018-04-30,2013-03-31,2013-04-30,2018-03-31,0.06734150657750815,-0.6991159188834949,-0.047844979271828375,0.3623280402925561,0.06759485063260846,0.42415383678266294,0.01332635432836531,268,0.039782704408883054,0.007051609938005718,-0.03273109447087734,10.243545820664187
2018-05-31,2013-04-30,2013-05-31,2018-04-30,0.06734150657750815,-0.6963428755924002,-0.4753217824698283,0.32689541690157875,0.06652821677582568,0.04885032360509658,0.29360142168251524,269,0.0134758938851594,0.03303717753064729,0.01956128364548789,10.263107104309674
2018-06-30,2013-05-31,2013-06-30,2018-05-31,0.08111308307896856,-0.681183367261622,-1.0992380047027828,0.3271884547754971,0.06424240065527939,0.1747696798860604,1.3536866536521603,270,0.025441995021796397,0.07080716258109612,0.04536516755929973,10.308472271868974
2018-07-31,2013-06-30,2013-07-31,2018-06-30,0.08111308307896856,-0.6826994238716686,-0.8675249878938915,0.3150165485328034,0.062418981108216434,0.034160489116132835,0.8647957854833935,271,0.01122735344474306,0.056490073107735655,0.0452627196629926,10.353734991531967
2018-08-31,2013-07-31,2013-08-31,2018-07-31,0.08111308307896856,-0.6832764999615998,-0.6460200709345382,0.31541610751231564,0.061035311084695426,0.001388041503848479,0.49992731324236434,272,0.0022590028251750415,0.042871529753334504,0.04061252692815946,10.394347518460126
2018-09-30,2013-08-31,2013-09-30,2018-08-31,0.08111308307896856,-0.6829664881266732,-0.3262107449430037,0.31542527909978857,0.06028044547840362,0.1272746602945323,0.14937544027335656,273,0.021591839821247717,0.023391510957697665,0.0017996711364499478,10.396147189596576
2018-10-31,2013-09-30,2013-10-31,2018-09-30,0.09770099572992247,0.7600739910293101,0.7667794365135546,0.31725281382498643,0.06165495713411403,4.4962999142175836e-05,0.4972005314201271,274,0.0004050907762653209,0.04259812765410588,0.04219303687784056,10.438340226474416
2018-11-30,2013-10-31,2013-11-30,2018-10-31,0.08111308307896856,0.7761844814831816,0.13238116472206302,0.31060028778230653,0.06179228957603238,0.41448271067261716,0.0049827892943819,275,0.03882280073605374,0.0042566693315023146,-0.03456613140455143,10.403774095069865
2018-12-31,2013-11-30,2013-12-31,2018-11-30,0.09770099572992247,0.7573413356051539,1.4656521786230194,0.31748230614033773,0.06451294827573584,0.5017042503366793,1.9631911428181783,276,0.04263530254330304,0.08433867076864791,0.04170336822534487,10.445477463295209
2019-01-31,2013-12-31,2014-01-31,2018-12-31,0.08111308307896856,0.776050206094166,0.9547616633525485,0.3250518881878334,0.06623489936872774,0.031937784955414696,0.7894798103155604,277,0.010737730796352025,0.05338639918994094,0.04264866839358891,10.488126131688798
2019-02-28,2014-01-31,2014-02-28,2019-01-31,0.08111308307896856,-0.680746097448574,-0.06734258717321258,0.3240528892777719,0.06597702777308692,0.3762638664181353,0.01777411972942957,278,0.03678949775940107,0.007995979144542743,-0.028793518614858325,10.45933261307394
2019-03-31,2014-02-28,2014-03-31,2019-02-28,0.09770099572992247,-0.6611799732256015,-0.7198274245021486,0.32768124353284345,0.06446295368392461,0.0034395235412349704,0.6151113973152539,279,0.0035111310665416045,0.04695423675026773,0.04344310568372613,10.502775718757666
2019-04-30,2014-03-31,2014-04-30,2019-03-31,0.09770099572992247,-0.6612185439083242,-0.18537269007128132,0.3277237519736156,0.06398250052285692,0.2264292766139044,0.062178011076239006,280,0.028437228906959298,0.014901822884207227,-0.013535406022752071,10.489240312734914
2019-05-31,2014-04-30,2014-05-31,2019-04-30,0.08111308307896856,0.776112414739828,0.5128664607841844,0.32568843744965215,0.06484408202047943,0.0692984322740168,0.20072405187308873,281,0.01570393702183707,0.026726774390098934,0.011022837368261863,10.500263150103176
2019-06-30,2014-05-31,2014-06-30,2019-05-31,0.09770099572992247,0.758725370600472,2.892820120673857,0.3258103030308782,0.07026166063858935,4.554360402290783,7.966836260316661,282,0.1270834929977946,0.16808091031545025,0.04099741731765566,10.541260567420832
2019-07-31,2014-06-30,2014-07-31,2019-06-30,0.08111308307896856,0.7827504247357058,0.26257864725367125,0.3904418551142923,0.07062937954225107,0.2705786780888192,0.03684452137495045,283,0.03092100262185403,0.011410199605403957,-0.01951080301645007,10.521749764404381
2019-08-31,2014-07-31,2014-08-31,2019-07-31,0.08111308307896856,0.7806581548886106,1.9199317957109407,0.3945024493922898,0.07415858262654246,1.2979444286725677,3.4068787541399033,284,0.06760345302958368,0.10952648972370493,0.04192303669412126,10.563672801098503
2019-09-30,2014-08-31,2014-09-30,2019-08-31,0.06734150657750815,-0.6895875157309544,-1.0708815308787902,0.40716923008884576,0.07197755383891326,0.145385125987558,1.3061268875217873,285,0.022585908196907888,0.06769712962693152,0.04511122143002363,10.608784022528527
2019-10-31,2014-09-30,2014-10-31,2019-09-30,0.06734150657750815,0.7980306433249549,0.8616012617072644,0.3931278734548728,0.07347873959531698,0.004041223521509225,0.6211371098600971,286,0.0037590094670151043,0.046602661688297436,0.042843652221282336,10.65162767474981
2019-11-30,2014-10-31,2014-11-30,2019-10-31,0.08111308307896856,-0.6766657496711354,-0.8345305294436691,0.3909535779789147,0.07175576185520505,0.024921288692630588,0.8213548417962678,287,0.009318463312741429,0.0534963882917879,0.04417792497904647,10.695805599728855
2019-12-31,2014-11-30,2014-12-31,2019-11-30,0.06734150657750815,0.7980166770723804,1.0257891219003357,0.3824742090443609,0.07356264321892687,0.05188028662290391,0.9067352667019954,288,0.013421620025440492,0.05611048335841763,0.04268886333297714,10.738494463061832
2020-01-31,2014-12-31,2015-01-31,2019-12-31,0.06734150657750815,0.7987329194765839,1.1647911938506144,0.3770487191169173,0.07562545711426089,0.133998660237693,1.1862820020804434,289,0.021532839669060617,0.06406857274919725,0.04253573308013663,10.78103019614197
2020-02-29,2015-01-31,2015-02-28,2020-01-31,0.06734150657750815,-0.6909800576080628,-0.3309221419673338,0.3657059477047359,0.07485838617259749,0.1296417026155463,0.1646578370175216,290,0.021143328826055546,0.02382825308091228,0.0026849242548567347,10.783715120396826
2020-03-31,2015-02-28,2015-03-31,2020-02-29,0.06734150657750815,0.7998311428876007,0.47160843525012464,0.3654127008165092,0.07560556140626516,0.10773014580887609,0.15681827609259566,291,0.019240755874664596,0.023214099585428343,0.003973343710763747,10.787688464107589
2020-04-30,2015-03-31,2015-04-30,2020-03-31,0.06734150657750815,0.7985055258146108,0.8525402558620891,0.3667017155925967,0.07706596496727235,0.0029197520513038634,0.601360375838819,292,0.0031621433965950485,0.04538120031371761,0.04221905691712256,10.829907521024712
2020-05-31,2015-04-30,2015-05-31,2020-04-30,0.06734150657750815,0.798579846897672,0.31464459645459636,0.35613576187650103,0.07751170348788647,0.23419332662140238,0.05623200892676109,293,0.028271799201804886,0.013853451526748226,-0.01441834767505666,10.815489173349656
2020-06-30,2015-05-31,2015-06-30,2020-05-31,0.06734150657750815,0.7966976432477377,0.42669685050666173,0.35251494353234564,0.07816560825758453,0.13690058662902468,0.12147402682368491,294,0.021578884443831197,0.02032675483163318,-0.0012521296121980156,10.814237043737458
2020-07-31,2015-06-30,2015-07-31,2020-06-30,0.06734150657750815,0.7952350651824123,1.307768485586384,0.3523147865496398,0.08046393139277856,0.26269050703099445,1.5062764687443646,295,0.02984084943530127,0.07145643377574197,0.0416155843404407,10.855852628077898
2020-08-31,2015-07-31,2015-08-31,2020-07-31,0.06734150657750815,0.7969638112730812,0.04461523470896398,0.3410503803595891,0.08039704949598041,0.5660283806580534,0.0012803382694523474,296,0.04372937276892608,0.0020797757394796683,-0.04164959702944641,10.814203031048452
2020-09-30,2015-08-31,2015-09-30,2020-08-31,0.06734150657750815,-0.6886709367217758,-0.7195720017672123,0.35043740917417954,0.07890734921429848,0.0009548758209422936,0.6375692739438545,297,0.0017930616565480415,0.046332471249296105,0.04453940959274806,10.8587424406412
2020-10-31,2015-09-30,2015-10-31,2020-09-30,0.06734150657750815,-0.6886602429447748,-0.07334057155103246,0.34894395082753277,0.07862436051399116,0.378618298004103,0.023093340577527245,298,0.035644511517988996,0.008803092153795293,-0.0268414193641937,10.831901021277007
2020-11-30,2015-10-31,2015-11-30,2020-10-31,0.06734150657750815,-0.6861641259267652,-1.1034043993010234,0.3547056035908358,0.07643135724902825,0.1740894457254257,1.3920124124340327,299,0.02412962803100096,0.06823166352805807,0.04410203549705711,10.876003056774064
2020-12-31,2015-11-30,2015-12-31,2020-11-30,0.08111308307896856,0.780422547039762,1.0863252324853145,0.34249730958710844,0.07830153109205841,0.09357645296280066,1.0161117825705601,300,0.017661299778781916,0.05819827553489193,0.04053697575611001,10.916540032530174
2021-01-31,2015-12-31,2016-01-31,2020-12-31,0.06734150657750815,-0.6875047342286684,-0.46552967469591044,0.33797011946558264,0.07729629780964072,0.049272927054571446,0.29466003642659744,301,0.012794429728400879,0.03128796890331822,0.01849353917491734,10.935033571705091
2021-02-28,2016-01-31,2016-02-29,2021-01-31,0.08111308307896856,-0.6723106225627656,-1.1751587977853437,0.3363864571060039,0.07498549505024038,0.2528562873246766,1.5628607529093828,302,0.028935660949510413,0.07193772032571095,0.04300205937620054,10.97803563108129
2021-03-31,2016-02-29,2016-03-31,2021-02-28,0.09770099572992247,-0.656975897487764,-0.172650827522258,0.3050261918113587,0.07452944289080668,0.23457077339709223,0.06109808608147577,303,0.027823748279253015,0.014200135508287075,-0.01362361277096594,10.964412018310325
2021-04-30,2016-03-31,2016-04-30,2021-03-31,0.08111308307896856,0.7809375166429435,0.6070022564233303,0.2993944478363107,0.07550825320980029,0.030253474747664575,0.28248587545194387,304,0.009975871342312426,0.030483271698758675,0.02050740035644625,10.984919418666772
2021-05-31,2016-04-30,2016-05-31,2021-04-30,0.09770099572992247,0.7640575022043058,1.6174506858974151,0.2998197359944367,0.07833750537986932,0.728279925973861,2.3688693824428353,305,0.04886515154974834,0.08812936434848667,0.03926421279873833,11.02418363146551
2021-06-30,2016-05-31,2016-06-30,2021-05-31,0.08111308307896856,-0.6717082067067962,-1.7730989299048656,0.3078627867358792,0.07494659615773609,1.213061525146766,3.415272266399998,306,0.06296231690585116,0.10564573099955987,0.04268341409370871,11.066867045559219
2021-07-31,2016-06-30,2016-07-31,2021-06-30,0.08111308307896856,0.7828624571568809,0.5199790391552759,0.3148388413947866,0.07576018380489796,0.06910769146020657,0.1973303914488,307,0.015003549141488614,0.02535290919636676,0.010349360054878146,11.077216405614097
2021-08-31,2016-07-31,2016-08-31,2021-07-31,0.08111308307896856,0.781786428931558,0.046541839783951766,0.31404508943037474,0.07570686565887434,0.5405846058708323,0.0008505987342849033,308,0.04189444860904544,0.0016618315805832166,-0.040232617028462224,11.036983788585635
2021-09-30,2016-08-31,2016-09-30,2021-08-31,0.09770099572992247,-0.658253991734035,-0.7915457373166614,0.3230176883963525,0.07412717057148721,0.017766689440463623,0.7493895834515231,309,0.0075827024753698045,0.04924641111729596,0.04166370864192616,11.07864749722756
2021-10-31,2016-09-30,2016-10-31,2021-09-30,0.08111308307896856,0.7789017728459517,0.39971424158174346,0.3154546775058321,0.07471914706423312,0.14378318386624495,0.10562181146044548,310,0.021536404578043598,0.018458481000346336,-0.0030779235776972613,11.075569573649863
2021-11-30,2016-10-31,2016-11-30,2021-10-31,0.08111308307896856,-0.675536949361347,-0.1304425233542475,0.31741934908374436,0.0743468028347985,0.2971279332640093,0.04193866812096348,311,0.030909469160875343,0.011612537315203283,-0.01929693184567206,11.056272641804192
2021-12-31,2016-11-30,2016-12-31,2021-11-30,0.11768119524349967,0.7418073520161221,0.7323175835473897,0.28345449295684044,0.07553877888681405,9.005570559014759e-05,0.4313583982513747,312,0.000537252344824761,0.03718277785150547,0.03664552550668071,11.092918167310872
2022-01-31,2016-12-31,2017-01-31,2021-12-31,0.11768119524349967,-0.6353908577265283,-0.4737683364662217,0.28233740267488483,0.07454545679756806,0.02612183937853825,0.3006480158833259,313,0.009135445027034821,0.030992528002076688,0.021857082975041867,11.114775250285915
2022-02-28,2017-01-31,2017-02-28,2022-01-31,0.14174741629268048,0.7180126815466109,1.4249775334941532,0.2804470611022267,0.07698305982409619,0.49979930188921046,1.8170891010450143,314,0.0398963346930537,0.07607172907928089,0.03617539438622719,11.150950644672141
2022-03-31,2017-02-28,2017-03-31,2022-02-28,0.11768119524349967,0.7435456688697729,0.6512527523505424,0.28777265264259355,0.07801777999081051,0.008517982439625659,0.32859833353626255,315,0.005200116738502099,0.0322981317232674,0.0270980149847653,11.178048659656906
2022-04-30,2017-03-31,2017-04-30,2022-03-31,0.11768119524349967,-0.6341291252111342,-0.35750278629192483,0.2833057548536582,0.0772344696197984,0.07652213138384528,0.18899648167765515,316,0.015561447349773206,0.02445588133540302,0.008894433985629814,11.186943093642537
2022-05-31,2017-04-30,2017-05-31,2022-04-30,0.11768119524349967,-0.6328820362277104,-0.763235320854558,0.2834378724844628,0.07572554719524839,0.01699197881300794,0.7038553381188847,317,0.007321369873416374,0.04712073686442439,0.039799366991008014,11.226742460633544
2022-06-30,2017-05-31,2017-06-30,2022-05-31,0.09770099572992247,-0.6537561038259935,-0.3912863917819386,0.27625910449890456,0.0748886082365079,0.06889034974048909,0.21731913064219857,318,0.014718570580686324,0.0261417958944203,0.011423225313733977,11.238165685947278
2022-07-31,2017-06-30,2017-07-31,2022-06-30,0.09770099572992247,-0.6526073207635986,-0.579975086865021,0.27751396926930844,0.0737171168320329,0.005275441401097692,0.4273134971743105,319,0.0040666243813807556,0.036599736932020926,0.03253311255064017,11.270698798497918
2022-08-31,2017-07-31,2017-08-31,2022-07-31,0.09770099572992247,-0.6521606930732915,-0.6533478876590276,0.27720592796245225,0.07241878646687029,1.4094309844011785e-06,0.5267372652717672,320,6.636619490564216e-05,0.04057159047873613,0.040505224283830486,11.311204022781748
2022-09-30,2017-08-31,2017-09-30,2022-08-31,0.11768119524349967,-0.6314935898971713,-0.8338655271120694,0.2728684943930186,0.0708033064070148,0.04095440097211066,0.8184256983407805,321,0.011295300069118795,0.0504936903723303,0.039198390303211504,11.35040241308496
2022-10-31,2017-09-30,2017-10-31,2022-09-30,0.11768119524349967,-0.6320174269029852,-0.2756173165185129,0.2715020487521506,0.0701868996046562,0.12702103868206407,0.11958055588855944,322,0.01986140164767172,0.019270915546214067,-0.0005904861014576525,11.349811926983502
2022-11-30,2017-10-31,2017-11-30,2022-10-31,0.11768119524349967,0.7415839347321658,1.4074856806537064,0.27133202856400984,0.07256220827437032,0.443425135221356,1.7820206771093037,323,0.03705176427620459,0.07427712891324871,0.03722536463704412,11.387037291620548
2022-12-31,2017-11-30,2017-12-31,2022-11-30,0.09770099572992247,0.7632210434522066,0.9971387766199631,0.270174659378938,0.07420152843101144,0.0547175058903417,0.8518131640945945,324,0.012995429620430914,0.05127429156605287,0.03827886194562195,11.425316153566168
2023-01-31,2017-12-31,2018-01-31,2022-12-31,0.09770099572992247,0.7638614145086178,1.1047453275246375,0.27045348999695296,0.07602549975684086,0.1162018421531133,1.0582644840426052,325,0.01890883734400101,0.05706310903235807,0.038154271688357055,11.463470425254526
2023-02-28,2018-01-31,2018-02-28,2023-01-31,0.08111308307896856,-0.6674309875779256,-1.0624114253965744,0.27217907253193635,0.07401412709755921,0.15600954625941146,1.2914630363615967,326,0.02187594318803861,0.06294079008341026,0.041064846895371654,11.504535272149898
2023-03-31,2018-02-28,2018-03-31,2023-02-28,0.06734150657750815,0.7943266501893739,1.6357374637022706,0.27397439396467654,0.07676848924324654,0.7079721570964347,2.4303842633258212,327,0.0465301243087187,0.08621118128035832,0.039681056971639615,11.544216329121538
2023-04-30,2018-03-31,2018-04-30,2023-03-31,0.046415888336127725,0.8174886874115577,0.3423858481598836,0.2775278548243546,0.0772361254385223,0.22572270786500206,0.07030437545921477,328,0.026233165790527438,0.01464044425922117,-0.011592721531306268,11.532623607590232
2023-05-31,2018-04-30,2018-05-31,2023-04-30,0.05590810182512223,-0.6943568045681163,-0.3641486420690656,0.2735556066525922,0.07646040528473041,0.10903743058099949,0.19413633261001967,329,0.018204965301927258,0.024291563110024995,0.006086597808097737,11.538710205398328
2023-06-30,2018-05-31,2018-06-30,2023-05-31,0.046415888336127725,-0.7028130230670595,-0.37342854427424,0.2745018530067093,0.07567112642585502,0.10849413486961737,0.2016905142229338,330,0.018132018797296322,0.024722123218549268,0.006590104421252945,11.54530030981958
2023-07-31,2018-06-30,2018-07-31,2023-06-30,0.05590810182512223,0.8063585246851219,0.5155139344036651,0.27400389415111176,0.07644142906679689,0.08459057569598849,0.19278466494279414,331,0.015986264468271255,0.02413360751963462,0.008147343051363366,11.553447652870945
2023-08-31,2018-07-31,2018-08-31,2023-07-31,0.06734150657750815,-0.6799710648834513,-0.3394283369021669,0.274971309236111,0.07571438402139662,0.11596934958093505,0.17234347873581976,332,0.018689710265868048,0.022783916776140747,0.004094206510272699,11.557541859381217
2023-09-30,2018-08-31,2018-09-30,2023-08-31,0.06734150657750815,-0.6786297979254943,-1.6464843876780009,0.27704108364656777,0.07270880152279383,0.9367425069049928,2.9556252217943997,333,0.05303810480471804,0.09421120642895939,0.04117310162424135,11.59871496100546
2023-10-31,2018-09-30,2018-10-31,2023-09-30,0.046415888336127725,0.814361297455012,2.575185064892341,0.2891945978738125,0.07706851626734007,3.100500339972189,6.240586290514087,334,0.09634798985768894,0.13669085591713714,0.0403428660594482,11.639057827064907
2023-11-30,2018-10-31,2018-11-30,2023-10-31,0.046415888336127725,0.8202715553572886,0.5908641149303836,0.3412118316428186,0.07796207383023232,0.052627773723223956,0.26306850376470126,335,0.012533867400352684,0.028022832043095254,0.01548896464274257,11.65454679170765
2023-12-31,2018-11-30,2018-12-31,2023-11-30,0.046415888336127725,0.8194152320196781,0.4555056871244636,0.3349569011934445,0.07861753149220146,0.13243015686584217,0.14204468185588826,336,0.019852893280943466,0.02056093454425165,0.0007080412633081838,11.655254832970957
2024-01-31,2018-12-31,2019-01-31,2023-12-31,0.05590810182512223,-0.6933654841586537,-0.28019841226410086,0.32969478406260994,0.07799566677165329,0.17070702929791862,0.12830299825627212,337,0.022506644538042013,0.019512074801901296,-0.002994569736140717,11.652260263234817
2024-02-29,2019-01-31,2019-02-28,2024-01-31,0.05590810182512223,0.8087772961250627,0.08642092100315149,0.3322593169107078,0.07801024333606765,0.5217987326792672,7.073949881958284e-05,338,0.03929100702169515,0.0004574805548284026,-0.03883352646686675,11.61342673676795
2024-03-31,2019-02-28,2019-03-31,2024-02-29,0.05590810182512223,0.8062509983943068,2.214045460185869,0.33381509384784597,0.08169942333062688,1.9818852466509946,4.546899620892257,339,0.07646089957724946,0.1158131393559029,0.039352239778653444,11.652778976546603
2024-04-30,2019-03-31,2019-04-30,2024-03-31,0.046415888336127725,0.8201027977766656,1.0705796743322318,0.36701933762517686,0.08340438928062965,0.06273866568903233,0.9745150434167119,340,0.013584015876046499,0.053537096633376614,0.03995308075733012,11.692732057303934
2024-05-31,2019-04-30,2019-05-31,2024-04-30,0.046415888336127725,0.8208628945405032,0.2413777653347723,0.3635823548700985,0.08367628837882955,0.3358030149705827,0.02486975583408573,341,0.03138087912557248,0.00854001377578362,-0.022840865349788863,11.669891191954145
2024-06-30,2019-05-31,2019-06-30,2024-05-31,0.05590810182512223,0.8096622909007477,0.15953782402631797,0.36777377020752605,0.0838066346600108,0.42266182242876144,0.005735213042835476,342,0.03515470497608311,0.00409507372097508,-0.031059631255108033,11.638831560699037
2024-07-31,2019-06-30,2019-07-31,2024-06-30,0.05590810182512223,0.8074095383499602,0.723924511584588,0.3011081743744696,0.08490460700464988,0.006969749694014908,0.4083464384493533,343,0.004507767735076446,0.03450383163956614,0.029996063904489695,11.668827624603527
2024-08-31,2019-07-31,2019-08-31,2024-07-31,0.046415888336127725,0.8162027209803047,0.6128179341429234,0.29638008472183885,0.08580856818125651,0.04136537151688701,0.2777388718113182,344,0.010965772796032499,0.028414440717916153,0.017448667921883654,11.68627629252541
2024-09-30,2019-08-31,2019-09-30,2024-08-31,0.06734150657750815,0.7952889478532796,1.0395218194968663,0.27616674441481265,0.08743884724333448,0.05964969559127267,0.9064619860551194,345,0.013149055798060198,0.051258424151904805,0.03810936835384461,11.724385660879255
2024-10-31,2019-09-30,2019-10-31,2024-09-30,0.06734150657750815,0.7959815864004997,0.947664186109647,0.27477890896097357,0.08890680857245788,0.02300761105452542,0.7374642334745503,346,0.008154507079322507,0.046167082631595566,0.03801257555227306,11.762398236431528
2024-11-30,2019-10-31,2019-11-30,2024-10-31,0.06734150657750815,-0.6789786685947065,-0.8690208733176669,0.2750735260341005,0.08727490451472342,0.03611603957596359,0.9145016147000563,347,0.0102020000830435,0.051336647136263645,0.04113464705322015,11.803532883484749
2024-12-31,2019-11-30,2019-12-31,2024-11-30,0.06734150657750815,-0.6795331772877354,-0.11403977796748362,0.2752829565805891,0.08693253260574008,0.3197827846747737,0.04038986961714027,348,0.03031362808896382,0.01077324666604337,-0.01954038142292045,11.783992502061828
