{
    "version": 1,
    "job_id": "GLBX-20250206-SG6EEG8KDQ",
    "query": {
        "dataset": "GLBX.MDP3",
        "schema": "ohlcv-1d",
        "symbols": [
            "GC.FUT"
        ],
        "stype_in": "parent",
        "stype_out": "instrument_id",
        "start": 1275782400000000000,
        "end": 1738713600000000000,
        "limit": null,
        "encoding": "csv",
        "compression": null
    },
    "customizations": {
        "pretty_px": true,
        "pretty_ts": true,
        "map_symbols": true,
        "split_symbols": false,
        "split_duration": null,
        "split_size": null,
        "packaging": null,
        "delivery": "download"
    }
}